Workbook

Sheet Summary
A2: Description | B2: UOM | C2: Value | D2: Actual Load KVA | E2: Remarks
A3: Service-1 Utility Sanction Load KVA | B3: KVA | C3: 4000 | D3: 2798
A5: Service-2 Utility Sanction Load KVA | B5: KVA | C5: 0 | D5: 0
A7: Customer contracted capacity | B7: KVA

Sheet NEW SUMMARY
A2: POWER SUMMARY | B2: Contract Demand | C2: Utility Consump | D2: Demand % | E2: IT Consump | F2: PUE
A3: Bangalore EB Service-1 | B3: 4000 | C3: 2798 | D3: =+C3/B3 -> 0.6995
B4: 0 | C4: 0 | D4: =+C4/B4 -> #DIV/0!
A5: TOTAL Bangalore-01 | B5: =B3+B4 -> 4000 | C5: =C3 -> 2798 | D5: =+C5/B5 -> 0.6995 | E5: 1574 | F5: =C5/E5 -> 1.7776366
A9: INVENTORY SUMMARY | B9: IT KW CAPACITY | E9: IT KW CONSUMPTION | G9: RACKSPACE CAPACITY
B10: Design | C10: Sold | D10: Available | E10: Consumed | F10: % of Sold | G10: Design | H10: Des - Losses | I10: Sold | J10: Available
A11: TOTAL Bangalore-01 | B11: 4860 | C11: ='Facility details '!O14 -> 2891 | D11: =+'NEW SUMMARY'!B11-'NEW SUMMARY'!C11 -> 1969 | E11: ='Facility details '!P14 -> 2124.6 | F11: =+E11/C11 -> 0.73490142 | G11: ='Facility details '!T11+'Facility details '!T12+'Facility details '!T13 -> 925 | H11: 2153 | I11: ='Facility details '!U11+'Facility details '!U12+'Facility details '!U13 -> 720 | J11: ='Facility details '!W11+'Facility details '!W12+'Facility details '!W13 -> 137
A12: BNG 01 by Floor:
A13: L1 | B13: 540 | C13: ='Facility details '!O11 -> 305 | D13: =+'NEW SUMMARY'!B13-'NEW SUMMARY'!C13 -> 235 | E13: ='Facility details '!P11 -> 91.5 | F13: =+E13/C13 -> 0.3 | G13: ='Facility details '!T11 -> 130 | H13: =+G13-'Facility details '!V11 -> 82 | I13: ='Facility details '!U11 -> 63 | J13: =+'NEW SUMMARY'!H13-'NEW SUMMARY'!I13 -> 19
A14: L3 | B14: 1620 | C14: ='Facility details '!O12 -> 1566 | D14: =+'NEW SUMMARY'!B14-'NEW SUMMARY'!C14 -> 54 | E14: ='Facility details '!P12 -> 1075.4 | F14: =+E14/C14 -> 0.68671775 | G14: ='Facility details '!T12 -> 540 | H14: =+G14-'Facility details '!V12 -> 520 | I14: ='Facility details '!U12 -> 402 | J14: =+'NEW SUMMARY'!H14-'NEW SUMMARY'!I14 -> 118
A15: L2 | B15: 1080 | C15: ='Facility details '!O13 -> 1020 | D15: =+'NEW SUMMARY'!B15-'NEW SUMMARY'!C15 -> 60 | E15: ='Facility details '!P13 -> 957.7 | F15: =+E15/C15 -> 0.93892157 | G15: ='Facility details '!T13 -> 255 | H15: =+G15-'Facility details '!V13 -> 255 | I15: ='Facility details '!U13 -> 255 | J15: =+'NEW SUMMARY'!H15-'NEW SUMMARY'!I15 -> 0

Sheet Facility details 
A1: Description | B1: Value | C1: Actual Load KVA
B2: As per the Sanction Letter | C2: Usage measured on 1of every month
A3: Utility Sanction Load KVA | B3: 4000 kVA | C3: 2573
A4: Utility Minimum Demand % | B4: 100 | C4: =2573/4000 -> 0.64325
A5: Utility Sanction Load KVA | B5: 0 | C5: 0 | V5: =13503 -> 13503
A6: Utility Minimum Demand % | B6: 0 | C6: 0
A9: Capacity Installed | B9: Transformer kW | C9: No of TX | D9: Catcher TX kW | E9: No. Of catcher | F9: Actual Load kW | G9: Generator kW | H9: No of DG | I9: Catcher DG kW | J9: No. Of catcher | K9: UPS kW | L9: UPS Config | M9: IT capacity Installed kW | N9: IT Power Sold in kW ( considering unity as PF) | O9: Allocated IT Power to customer ( Taking 50% as divercity factor for rated power customer ) | P9: IT kW Usage | Q9: Avaialble IT kW Design-Used | R9: Available IT kW Design-Sold | S9: Available IT kW Design-Sold ( Allocated capacity) | T9: MAX Rack Capacity | U9: Rack Space sold out | V9: Rack losss ( Cage+ non standard rack+ path) | W9: Available space | X9: Designed White Space ( in SQ FT) | Y9: Used White Space( in SQ FT) | Z9: Avaialble White Space ( in SQ FT)
B10: Mention the design kW capacity of Transformer | G10: Mention the design kW capacity of Generator | K10: Mention the design N capacity in kw in a N+N Configuration | M10: Installed including interfloor shared capacity | N10: Customer subscribed IT kW | O10: Allocated power | P10: Measured on 1st of every month | Q10: Measured on 1st of every month | R10: Measured on 1st of every month | S10: Measured on 1st of every month
A11: L1 | B11: 1600 | C11: 1 | D11: 1600 | E11: 1 | F11: 135.5 | G11: 1600 | H11: 1 | I11: 1600 | J11: 1 | K11: =600*0.9 -> 540 | L11: 300kVA X 2 No’s – Source A 300kVA X 2 no’s- Source B | M11: 540 | N11: 305 | O11: 305 | P11: 91.5 | Q11: =M11-P11 -> 448.5 | R11: =M11-N11 -> 235 | S11: =M11-O11 -> 235 | T11: 130 | U11: 63 | V11: 48 | W11: =T11-(U11+V11) -> 19 | X11: 3300 | Y11: 2857 | Z11: =X11-Y11 -> 443
A12: L3 | B12: 1600 | C12: 1 | F12: 1460 | G12: 1600 | H12: 1 | K12: 1620 | L12: 600kVA X 3 No’s – Source A 600kVA X 3 no’s- Source B | M12: 1620 | N12: 2106.5 | O12: 1566 | P12: 1075.4 | Q12: =M12-P12 -> 544.6 | R12: =M12-N12 -> -486.5 | S12: =M12-O12 -> 54 | T12: 540 | U12: 402 | V12: 20 | W12: =T12-(U12+V12) -> 118 | X12: 13820 | Y12: 9844 | Z12: =X12-Y12 -> 3976
A13: L2 | B13: 1800 | C13: 1 | D13: 1800 | E13: 1 | F13: 823 | G13: 1800 | H13: 1 | I13: 1800 | J13: 1 | K13: 1080 | L13: 600kVA X 2 No’s – Source A 600kVA X 2 no’s- Source B | M13: 1080 | N13: 1020 | O13: 1020 | P13: 957.7 | Q13: =M13-P13 -> 122.3 | R13: =M13-N13 -> 60 | S13: =M13-O13 -> 60 | T13: 255 | U13: 255 | V13: 0 | W13: =T13-(U13+V13) -> 0 | X13: 6120 | Y13: 6120 | Z13: =X13-Y13 -> 0
A14: Total | K14: =SUM(K11:K13) -> 3240 | M14: =SUM(M11:M13) -> 3240 | N14: =SUM(N11:N13) -> 3431.5 | O14: =SUM(O11:O13) -> 2891 | P14: =SUM(P11:P13) -> 2124.6 | Q14: =SUM(Q11:Q13) -> 1115.4 | R14: =SUM(R11:R13) -> -191.5 | S14: =SUM(S11:S13) -> 349 | T14: =SUM(T11:T13) -> 925 | ... Z14: =SUM(Z11:Z13) -> 4419

Sheet Customer details
T1: Divisification | V1: 0.5 | W1: Rated to Consumed | Z1: =#REF! -> #REF! | AB1: Actual PUE | AC1: =#REF! -> #REF! | AD1: Actual Unit Rate: | AE1: =#REF! -> #REF! | AF1: =+AC1*(AE1*(30.5*24-AH1)+AH1*20) -> #REF! | AG1: Genset Hr/Mo | AH1: 5
E2: Billing Model | G2: Space | P2: Power Capacity | AB2: Power Usage | AG2: Seating Space | AO2: Revenue (Monthly ) | AV2: Contract Information
A3: Floor | B3: Floor / Module | C3: Customer Name | D3: RHS/SH | E3: Power Subscription Model (Rated/Subscribed) | F3: Power Usage Model (Bundled / Metered) | G3: Subscription Mode | H3: Caged /Uncaged | I3: UoM | J3: Subscription | K3: In Use | L3: Yet to be given/ | M3: Billed | N3: Reserved Capacity if any (Non-Billable) | O3: Per Unit rate (MRC) | P3: Subscription Model | Q3: UoM | R3: Total Capacity Purchased | S3: Capacity in Use | T3: Capacity to be given | U3: Reserved Capacity if any | V3: Subscribed Capacity to be given in KW | W3: "Allocated" Capacity in KW | X3: DC NW Infra | Y3: Usage in KW | Z3: Billable Additional Capacity | AA3: Additional Capacity Charges (MRC) | AB3: Usage Model | AC3: Multiplier | AD3: Unit rate Model (Fixed/Variable) | AE3: Unit Rate (per KW-HR) | AF3: No Of Units (KW-HR/ Month | AG3: Subscription Model | AH3: UoM | AI3: Subscription | AJ3: In Use | AK3: Yet to be given | AL3: Billed | AM3: Reserved Capacity if any | AN3: Per Unit rate | AO3: Space revenue including capacity | AP3: Additional Capacity Revenue | AQ3: Power Usage revenue | AR3: Seating Space | AS3: Any Other Items | AT3: Total Revenue | AU3: Billing Frequency | AV3: Sales Order ref No | AW3: Contract Start Date | AX3: Term of Contract (No of Years) | AY3: Current Expiry Date | AZ3: Remarks if any | BA3: Cross connect
A4: L1 | B4: L1 | C4: Axis bank | D4: No | E4: Subscribed | F4: Metered | G4: Rack | H4: Caged | I4: =IF(G4="Rack","No of Racks",(IF(G4="Space","Sq Ft","U Space"))) -> No of Racks | J4: 50 | K4: 50 | L4: =J4-K4 -> 0 | M4: =J4 -> 50 | N4: =J4-M4 -> 0 | O4: =316000/12 -> 26333.333 | P4: =E4 -> Subscribed | Q4: kVA | R4: 305 | S4: =AF4/672 -> 63.639211 | T4: =R4-S4 -> 241.36079 | U4: 0 | V4: =IF(T4<=0,0,(IF(P4="Rated",(T4+U4)*$V$1,(T4+U4)))) -> 241.36079 | W4: =IF(P4="Rated",R4*$V$1,R4) -> 305 | X4: =S4 -> 63.639211 | Y4: =S4 -> 63.639211 | Z4: =T4*-1 -> -241.36079 | AB4: Metered | AC4: 1.6 | AD4: Variable | AF4: 42765.55 | AG4: No of Seats | AH4: No of seats | AI4: 5 | AJ4: 5 | AK4: =AI4-AJ4 -> 0 | AL4: =AI4 -> 5 | AM4: 0 | AO4: =O4*M4 -> 1316666.7 | AQ4: =AF4*AE4*AC4 -> 0 | AR4: =AN4*AL4 -> 0 | AT4: =SUBTOTAL(9,AO4:AS4) -> 1316666.7
A5: L2 | B5: L2 | C5: Union Bank | D5: No | E5: Subscribed | F5: Metered | G5: Rack | H5: Caged | I5: =IF(G5="Rack","No of Racks",(IF(G5="Space","Sq Ft","U Space"))) -> No of Racks | J5: 255 | K5: 255 | L5: =J5-K5 -> 0 | M5: =J5 -> 255 | N5: =J5-M5 -> 0 | O5: =((280000)+(81840))/12 -> 30153.333 | P5: =E5 -> Subscribed | Q5: KVA | R5: 1020 | S5: =AF5/672 -> 530.03112 | T5: =R5-S5 -> 489.96888 | U5: 0 | V5: =IF(T5<=0,0,(IF(P5="Rated",(T5+U5)*$V$1,(T5+U5)))) -> 489.96888 | W5: =IF(P5="Rated",R5*$V$1,R5) -> 1020 | X5: =S5 -> 530.03112 | Y5: =S5 -> 530.03112 | Z5: =T5*-1 -> -489.96888 | AB5: Metered | AC5: 1.75 | AD5: Fixed | AF5: 356180.91 | AG5: No of Seats | AH5: No of seats | AI5: 28 | AJ5: 28 | AK5: =AI5-AJ5 -> 0 | AL5: =AI5 -> 28 | AM5: 0 | AN5: 4112 | AO5: =O5*M5 -> 7689100 | AQ5: =AF5*AE5*AC5 -> 0 | AR5: =AN5*AL5 -> 115136 | AS5: 875306 | AT5: =SUBTOTAL(9,AO5:AS5) -> 8679542
A6: L3 | B6: DC-3 | C6: Yes bank | D6: No | E6: Subscribed | F6: Metered | G6: Rack | H6: Caged | I6: =IF(G6="Rack","No of Racks",(IF(G6="Space","Sq Ft","U Space"))) -> No of Racks | J6: 55 | K6: 55 | L6: =J6-K6 -> 0 | M6: =J6 -> 55 | N6: =J6-M6 -> 0 | O6: 38896 | P6: =E6 -> Subscribed | Q6: KVA | R6: 452 | S6: =AF6/672 -> 173.07908 | T6: =R6-S6 -> 278.92092 | U6: 0 | V6: =IF(T6<=0,0,(IF(P6="Rated",(T6+U6)*$V$1,(T6+U6)))) -> 278.92092 | W6: =IF(P6="Rated",R6*$V$1,R6) -> 452 | X6: =S6 -> 173.07908 | Y6: =S6 -> 173.07908 | Z6: =T6*-1 -> -278.92092 | AB6: Metered | AC6: 1.8 | AF6: 116309.14 | AG6: No of Seats | AH6: No of seats | AI6: 8 | AJ6: 8 | AK6: =AI6-AJ6 -> 0 | AL6: =AI6 -> 8 | AM6: 0 | AO6: =O6*M6 -> 2139280 | AQ6: =AF6*AE6*AC6 -> 0 | AR6: =AN6*AL6 -> 0 | AT6: =SUBTOTAL(9,AO6:AS6) -> 2139280
A7: L3 | B7: DC-3 | C7: UST Global | D7: yes | E7: Subscribed | F7: Metered | G7: Rack | H7: Uncaged | I7: =IF(G7="Rack","No of Racks",(IF(G7="Space","Sq Ft","U Space"))) -> No of Racks | J7: 5 | K7: 5 | L7: =J7-K7 -> 0 | M7: =J7 -> 5 | N7: =J7-M7 -> 0 | O7: =1232624/12/5 -> 20543.733 | P7: =E7 -> Subscribed | Q7: KVA | R7: 45 | S7: =AF7/672 -> 17.058185 | T7: =R7-S7 -> 27.941815 | U7: 0 | V7: =IF(T7<=0,0,(IF(P7="Rated",(T7+U7)*$V$1,(T7+U7)))) -> 27.941815 | W7: =IF(P7="Rated",R7*$V$1,R7) -> 45 | X7: =S7 -> 17.058185 | Y7: =S7 -> 17.058185 | Z7: =T7*-1 -> -27.941815 | AB7: Metered | AC7: 1.8 | AF7: 11463.1 | AG7: No of Seats | AH7: No of seats | AI7: 0 | AJ7: 0 | AK7: =AI7-AJ7 -> 0 | AL7: =AI7 -> 0 | AM7: 0 | AO7: =O7*M7 -> 102718.67 | AQ7: =AF7*AE7*AC7 -> 0 | AR7: =AN7*AL7 -> 0 | AT7: =SUBTOTAL(9,AO7:AS7) -> 102718.67
A8: L3 | B8: DC-3 | C8: Data vision software solutions pvt ltd | D8: yes | E8: Rated | F8: Bundled | G8: Rack | H8: Uncaged | I8: =IF(G8="Rack","No of Racks",(IF(G8="Space","Sq Ft","U Space"))) -> No of Racks | J8: 1 | K8: 1 | L8: =J8-K8 -> 0 | M8: =J8 -> 1 | N8: =J8-M8 -> 0 | P8: =E8 -> Rated | Q8: KVA | R8: 12 | S8: 11.61 | T8: =R8-S8 -> 0.39 | U8: 0 | V8: =IF(T8<=0,0,(IF(P8="Rated",(T8+U8)*$V$1,(T8+U8)))) -> 0.195 | W8: =IF(P8="Rated",R8*$V$1,R8) -> 6 | X8: =S8 -> 11.61 | Y8: =S8 -> 11.61 | Z8: =T8*-1 -> -0.39 | AA8: =90000/12 -> 7500 | AB8: Rated | AC8: 1.8 | AG8: No of Seats | AH8: No of seats | AI8: 0 | AJ8: 0 | AK8: =AI8-AJ8 -> 0 | AL8: =AI8 -> 0 | AM8: 0 | AO8: =O8*M8 -> 0 | AQ8: =AF8*AE8*AC8 -> 0 | AR8: =AN8*AL8 -> 0 | AT8: =SUBTOTAL(9,AO8:AS8) -> 0
A9: L3 | B9: DC-2 | C9: The Oriental Insurance Company Limited | D9: No | E9: Subscribed | F9: Metered | G9: Space | H9: Caged | I9: =IF(G9="Rack","No of Racks",(IF(G9="Space","Sq Ft","U Space"))) -> Sq Ft | J9: 600 | K9: 600 | L9: =J9-K9 -> 0 | M9: =J9 -> 600 | N9: =J9-M9 -> 0 | O9: 736 | P9: =E9 -> Subscribed | Q9: KVA | R9: 60 | S9: =AF9/672 -> 58.063289 | T9: =R9-S9 -> 1.9367113 | U9: 0 | V9: =IF(T9<=0,0,(IF(P9="Rated",(T9+U9)*$V$1,(T9+U9)))) -> 1.9367113 | W9: =IF(P9="Rated",R9*$V$1,R9) -> 60 | X9: =S9 -> 58.063289 | Y9: =S9 -> 58.063289 | Z9: =T9*-1 -> -1.9367113 | AB9: Metered | AC9: 1.8 | AF9: 39018.53 | AG9: No of Seats | AH9: No of seats | AI9: 10 | AJ9: 10 | AK9: =AI9-AJ9 -> 0 | AL9: =AI9 -> 10 | AM9: 0 | AO9: =O9*M9 -> 441600 | AQ9: =AF9*AE9*AC9 -> 0 | AR9: =AN9*AL9 -> 0 | AT9: =SUBTOTAL(9,AO9:AS9) -> 441600
A10: L3 | B10: DC-2 | C10: AGRICULTURE INSURANCE COMPANY OF INDIA LIMITED | D10: No | E10: Subscribed | F10: Metered | G10: Rack | H10: Uncaged | I10: =IF(G10="Rack","No of Racks",(IF(G10="Space","Sq Ft","U Space"))) -> No of Racks | J10: 14 | K10: 14 | L10: =J10-K10 -> 0 | M10: =J10 -> 14 | N10: =J10-M10 -> 0 | O10: =160000/12 -> 13333.333 | P10: =E10 -> Subscribed | Q10: KVA | R10: 102.5 | S10: =AF10/672 -> 26.249747 | T10: =R10-S10 -> 76.250253 | U10: 0 | V10: =IF(T10<=0,0,(IF(P10="Rated",(T10+U10)*$V$1,(T10+U10)))) -> 76.250253 | W10: =IF(P10="Rated",R10*$V$1,R10) -> 102.5 | X10: =S10 -> 26.249747 | Y10: =S10 -> 26.249747 | Z10: =T10*-1 -> -76.250253 | AB10: Metered | AC10: 1.8 | AF10: 17639.83 | AG10: No of Seats | AH10: No of seats | AI10: 3 | AJ10: 3 | AK10: =AI10-AJ10 -> 0 | AL10: =AI10 -> 3 | AM10: 0 | AO10: =O10*M10 -> 186666.67 | AQ10: =AF10*AE10*AC10 -> 0 | AR10: =AN10*AL10 -> 0 | AT10: =SUBTOTAL(9,AO10:AS10) -> 186666.67
A11: L3 | B11: DC-2 | C11: Polestar | D11: No | E11: Subscribed | F11: Metered | G11: Rack | H11: Caged | I11: =IF(G11="Rack","No of Racks",(IF(G11="Space","Sq Ft","U Space"))) -> No of Racks | J11: 5 | K11: 5 | L11: =J11-K11 -> 0 | M11: =J11 -> 5 | N11: =J11-M11 -> 0 | O11: 46250 | P11: =E11 -> Subscribed | Q11: KVA | R11: 12.5 | S11: =AF11/672 -> 10.33558 | T11: =R11-S11 -> 2.1644196 | U11: 0 | V11: =IF(T11<=0,0,(IF(P11="Rated",(T11+U11)*$V$1,(T11+U11)))) -> 2.1644196 | W11: =IF(P11="Rated",R11*$V$1,R11) -> 12.5 | X11: =S11 -> 10.33558 | Y11: =S11 -> 10.33558 | Z11: =T11*-1 -> -2.1644196 | AA11: =80000/12 -> 6666.6667 | AB11: Metered | AC11: 1.8 | AF11: 6945.51 | AG11: No of Seats | AH11: No of seats | AI11: 1 | AJ11: 1 | AK11: =AI11-AJ11 -> 0 | AL11: =AI11 -> 1 | AM11: 0 | AO11: =O11*M11 -> 231250 | AQ11: =AF11*AE11*AC11 -> 0 | AR11: =AN11*AL11 -> 0 | AT11: =SUBTOTAL(9,AO11:AS11) -> 231250
A12: L3 | B12: DC-2 | C12: New India Assurance Co. Ltd. | D12: No | E12: Subscribed | F12: Metered | G12: Rack | H12: Caged | I12: =IF(G12="Rack","No of Racks",(IF(G12="Space","Sq Ft","U Space"))) -> No of Racks | J12: 18 | K12: 18 | L12: =J12-K12 -> 0 | M12: =J12 -> 18 | N12: =J12-M12 -> 0 | O12: =3200004/12/18 -> 14814.833 | P12: =E12 -> Subscribed | Q12: KVA | R12: 88 | S12: =AF12/672 -> 68.001563 | T12: =R12-S12 -> 19.998437 | U12: 0 | V12: =IF(T12<=0,0,(IF(P12="Rated",(T12+U12)*$V$1,(T12+U12)))) -> 19.998437 | W12: =IF(P12="Rated",R12*$V$1,R12) -> 88 | X12: =S12 -> 68.001563 | Y12: =S12 -> 68.001563 | Z12: =T12*-1 -> -19.998437 | AB12: Metered | AC12: 1.8 | AF12: 45697.05 | AG12: No of Seats | AH12: No of seats | AI12: 3 | AJ12: 3 | AK12: =AI12-AJ12 -> 0 | AL12: =AI12 -> 3 | AM12: 0 | AO12: =O12*M12 -> 266667 | AQ12: =AF12*AE12*AC12 -> 0 | AR12: =AN12*AL12 -> 0 | AT12: =SUBTOTAL(9,AO12:AS12) -> 266667
A13: L3 | B13: DC-2 | C13: Torrent Power | D13: yes | E13: Subscribed | F13: Metered | G13: Rack | H13: Uncaged | I13: =IF(G13="Rack","No of Racks",(IF(G13="Space","Sq Ft","U Space"))) -> No of Racks | J13: 4 | K13: 4 | L13: =J13-K13 -> 0 | M13: =J13 -> 4 | N13: =J13-M13 -> 0 | O13: =776000/12/2 -> 32333.333 | P13: =E13 -> Subscribed | Q13: KVA | R13: 19 | S13: =AF13/672 -> 13.320952 | T13: =R13-S13 -> 5.6790476 | U13: 0 | V13: =IF(T13<=0,0,(IF(P13="Rated",(T13+U13)*$V$1,(T13+U13)))) -> 5.6790476 | W13: =IF(P13="Rated",R13*$V$1,R13) -> 19 | X13: =S13 -> 13.320952 | Y13: =S13 -> 13.320952 | Z13: =T13*-1 -> -5.6790476 | AB13: Metered | AC13: 1.8 | AF13: 8951.68 | AG13: No of Seats | AH13: No of seats | AI13: 0 | AJ13: 0 | AK13: =AI13-AJ13 -> 0 | AL13: =AI13 -> 0 | AM13: 0 | AO13: =O13*M13 -> 129333.33 | AQ13: =AF13*AE13*AC13 -> 0 | AR13: =AN13*AL13 -> 0 | AT13: =SUBTOTAL(9,AO13:AS13) -> 129333.33
A14: L3 | B14: DC-2 | C14: LIC HOUSING FINANCE LTD | D14: yes | E14: Subscribed | F14: Metered | G14: Rack | H14: Caged | I14: =IF(G14="Rack","No of Racks",(IF(G14="Space","Sq Ft","U Space"))) -> No of Racks | J14: 10 | K14: 10 | L14: =J14-K14 -> 0 | M14: =J14 -> 10 | N14: =J14-M14 -> 0 | O14: =4484415/12/10 -> 37370.125 | P14: =E14 -> Subscribed | Q14: KVA | R14: 30 | S14: =AF14/672 -> 13.092113 | T14: =R14-S14 -> 16.907887 | U14: 0 | V14: =IF(T14<=0,0,(IF(P14="Rated",(T14+U14)*$V$1,(T14+U14)))) -> 16.907887 | W14: =IF(P14="Rated",R14*$V$1,R14) -> 30 | X14: =S14 -> 13.092113 | Y14: =S14 -> 13.092113 | Z14: =T14*-1 -> -16.907887 | AB14: Metered | AC14: 1.8 | AF14: 8797.9 | AG14: No of Seats | AH14: No of seats | AI14: 1 | AJ14: 1 | AK14: =AI14-AJ14 -> 0 | AL14: =AI14 -> 1 | AM14: 0 | AO14: =O14*M14 -> 373701.25 | AQ14: =AF14*AE14*AC14 -> 0 | AR14: =AN14*AL14 -> 0 | AT14: =SUBTOTAL(9,AO14:AS14) -> 373701.25
A15: L3 | B15: DC-2 | C15: Avenue Supermart (Dmart) | D15: yes | E15: Rated | F15: Bundled | G15: Rack | H15: Uncaged | I15: =IF(G15="Rack","No of Racks",(IF(G15="Space","Sq Ft","U Space"))) -> No of Racks | J15: 10 | K15: 10 | L15: =J15-K15 -> 0 | M15: =J15 -> 10 | N15: =J15-M15 -> 0 | O15: =(3280006+90000)/12/6 -> 46805.639 | P15: =E15 -> Rated | Q15: KVA | R15: 83 | S15: 72.47 | T15: =R15-S15 -> 10.53 | U15: 0 | V15: =IF(T15<=0,0,(IF(P15="Rated",(T15+U15)*$V$1,(T15+U15)))) -> 5.265 | W15: =IF(P15="Rated",R15*$V$1,R15) -> 41.5 | X15: =S15 -> 72.47 | Y15: =S15 -> 72.47 | Z15: =T15*-1 -> -10.53 | AA15: =90000/12 -> 7500 | AB15: Rated | AC15: 1.8 | AG15: No of Seats | AH15: No of seats | AI15: 0 | AJ15: 0 | AK15: =AI15-AJ15 -> 0 | AL15: =AI15 -> 0 | AM15: 0 | AO15: =O15*M15 -> 468056.39 | AQ15: =AF15*AE15*AC15 -> 0 | AR15: =AN15*AL15 -> 0 | AT15: =SUBTOTAL(9,AO15:AS15) -> 468056.39
A16: L3 | B16: DC-2 | C16: Aviva | D16: No | E16: Rated | F16: Bundled | G16: Rack | H16: Caged | I16: =IF(G16="Rack","No of Racks",(IF(G16="Space","Sq Ft","U Space"))) -> No of Racks | J16: 6 | K16: 6 | L16: =J16-K16 -> 0 | M16: =J16 -> 6 | N16: =J16-M16 -> 0 | O16: =4113270/12/6 -> 57128.75 | P16: =E16 -> Rated | Q16: KVA | R16: 36 | S16: 23.46 | T16: =R16-S16 -> 12.54 | U16: 0 | V16: =IF(T16<=0,0,(IF(P16="Rated",(T16+U16)*$V$1,(T16+U16)))) -> 6.27 | W16: =IF(P16="Rated",R16*$V$1,R16) -> 18 | X16: =S16 -> 23.46 | Y16: =S16 -> 23.46 | Z16: =T16*-1 -> -12.54 | AB16: Rated | AC16: 1.8 | AG16: No of Seats | AH16: No of seats | AI16: 1 | AJ16: 1 | AK16: =AI16-AJ16 -> 0 | AL16: =AI16 -> 1 | AM16: 0 | AO16: =O16*M16 -> 342772.5 | AQ16: =AF16*AE16*AC16 -> 0 | AR16: =AN16*AL16 -> 0 | AT16: =SUBTOTAL(9,AO16:AS16) -> 342772.5
A17: L3 | B17: DC-2 | C17: HITPA | D17: yes | E17: Rated | F17: Bundled | G17: Rack | H17: Caged | I17: =IF(G17="Rack","No of Racks",(IF(G17="Space","Sq Ft","U Space"))) -> No of Racks | J17: 7 | K17: 7 | L17: =J17-K17 -> 0 | M17: =J17 -> 7 | N17: =J17-M17 -> 0 | O17: =4620000/7/12 -> 55000 | P17: =E17 -> Rated | Q17: KVA | R17: 45 | S17: 23.18 | T17: =R17-S17 -> 21.82 | U17: 0 | V17: =IF(T17<=0,0,(IF(P17="Rated",(T17+U17)*$V$1,(T17+U17)))) -> 10.91 | W17: =IF(P17="Rated",R17*$V$1,R17) -> 22.5 | X17: =S17 -> 23.18 | Y17: =S17 -> 23.18 | Z17: =T17*-1 -> -21.82 | AA17: =90000/12 -> 7500 | AB17: Rated | AC17: 1.8 | AG17: No of Seats | AH17: No of seats | AI17: 0 | AJ17: 0 | AK17: =AI17-AJ17 -> 0 | AL17: =AI17 -> 0 | AM17: 0 | AO17: =O17*M17 -> 385000 | AQ17: =AF17*AE17*AC17 -> 0 | AR17: =AN17*AL17 -> 0 | AT17: =SUBTOTAL(9,AO17:AS17) -> 385000
A18: L3 | B18: DC-2 | C18: Stock holding corporation of India | D18: No | E18: Subscribed | F18: Metered | G18: Rack | H18: Caged | I18: =IF(G18="Rack","No of Racks",(IF(G18="Space","Sq Ft","U Space"))) -> No of Racks | J18: 13 | K18: 13 | L18: =J18-K18 -> 0 | M18: =J18 -> 13 | N18: =J18-M18 -> 0 | O18: =598991/12 -> 49915.917 | P18: =E18 -> Subscribed | Q18: KW | R18: 42 | S18: =AF18/672 -> 23.768155 | T18: =R18-S18 -> 18.231845 | U18: 0 | V18: =IF(T18<=0,0,(IF(P18="Rated",(T18+U18)*$V$1,(T18+U18)))) -> 18.231845 | W18: =IF(P18="Rated",R18*$V$1,R18) -> 42 | X18: =S18 -> 23.768155 | Y18: =S18 -> 23.768155 | Z18: =T18*-1 -> -18.231845 | AB18: Metered | AC18: 1.8 | AF18: 15972.2 | AG18: No of Seats | AH18: No of seats | AI18: 5 | AJ18: 5 | AK18: =AI18-AJ18 -> 0 | AL18: =AI18 -> 5 | AM18: 0 | AO18: =O18*M18 -> 648906.92 | AQ18: =AF18*AE18*AC18 -> 0 | AR18: =AN18*AL18 -> 0 | AT18: =SUBTOTAL(9,AO18:AS18) -> 648906.92
A19: L3 | B19: DC-2 | C19: SIMPLE TELECOM PVT LTD | D19: yes | E19: Subscribed | F19: Metered | G19: Rack | H19: Uncaged | I19: =IF(G19="Rack","No of Racks",(IF(G19="Space","Sq Ft","U Space"))) -> No of Racks | J19: 1 | K19: 1 | L19: =J19-K19 -> 0 | M19: =J19 -> 1 | N19: =J19-M19 -> 0 | O19: =210000/12 -> 17500 | P19: =E19 -> Subscribed | Q19: KW | R19: 2.5 | S19: =AF19/672 -> 0.84166667 | T19: =R19-S19 -> 1.6583333 | U19: 0 | V19: =IF(T19<=0,0,(IF(P19="Rated",(T19+U19)*$V$1,(T19+U19)))) -> 1.6583333 | W19: =IF(P19="Rated",R19*$V$1,R19) -> 2.5 | X19: =S19 -> 0.84166667 | Y19: =S19 -> 0.84166667 | Z19: =T19*-1 -> -1.6583333 | AB19: Metered | AC19: 1.8 | AF19: 565.6 | AG19: No of Seats | AH19: No of seats | AI19: 0 | AJ19: 0 | AK19: =AI19-AJ19 -> 0 | AL19: =AI19 -> 0 | AM19: 0 | AO19: =O19*M19 -> 17500 | AQ19: =AF19*AE19*AC19 -> 0 | AR19: =AN19*AL19 -> 0 | AT19: =SUBTOTAL(9,AO19:AS19) -> 17500
A20: L3 | B20: DC-1 | C20: Vishal Megamart | D20: yes | E20: Subscribed | F20: Metered | G20: Rack | H20: Uncaged | I20: =IF(G20="Rack","No of Racks",(IF(G20="Space","Sq Ft","U Space"))) -> No of Racks | J20: 8 | K20: 8 | L20: =J20-K20 -> 0 | M20: =J20 -> 8 | N20: =J20-M20 -> 0 | O20: =850000/12/4 -> 17708.333 | P20: =E20 -> Subscribed | Q20: KW | R20: 32.5 | S20: =AF20/672 -> 27.698199 | T20: =R20-S20 -> 4.8018006 | U20: 0 | V20: =IF(T20<=0,0,(IF(P20="Rated",(T20+U20)*$V$1,(T20+U20)))) -> 4.8018006 | W20: =IF(P20="Rated",R20*$V$1,R20) -> 32.5 | X20: =S20 -> 27.698199 | Y20: =S20 -> 27.698199 | Z20: =T20*-1 -> -4.8018006 | AB20: Metered | AC20: 1.8 | AF20: 18613.19 | AG20: No of Seats | AH20: No of seats | AI20: 0 | AJ20: 0 | AK20: =AI20-AJ20 -> 0 | AL20: =AI20 -> 0 | AM20: 0 | AO20: =O20*M20 -> 141666.67 | AQ20: =AF20*AE20*AC20 -> 0 | AR20: =AN20*AL20 -> 0 | AT20: =SUBTOTAL(9,AO20:AS20) -> 141666.67
A21: L3 | B21: DC-1 | C21: MEIKO CLEAN SOLUTIONS (INDIA) PRIVATE LIMITED | D21: yes | E21: Subscribed | F21: Metered | G21: Rack | H21: Uncaged | I21: =IF(G21="Rack","No of Racks",(IF(G21="Space","Sq Ft","U Space"))) -> No of Racks | J21: 1 | K21: 1 | L21: =J21-K21 -> 0 | M21: =J21 -> 1 | N21: =J21-M21 -> 0 | P21: =E21 -> Subscribed | Q21: KVA | R21: 3 | S21: =AF21/672 -> 2.2065327 | T21: =R21-S21 -> 0.79346726 | U21: 0 | V21: =IF(T21<=0,0,(IF(P21="Rated",(T21+U21)*$V$1,(T21+U21)))) -> 0.79346726 | W21: =IF(P21="Rated",R21*$V$1,R21) -> 3 | X21: =S21 -> 2.2065327 | Y21: =S21 -> 2.2065327 | Z21: =T21*-1 -> -0.79346726 | AB21: Metered | AC21: 1.8 | AF21: 1482.79 | AG21: No of Seats | AH21: No of seats | AI21: 0 | AJ21: 0 | AK21: =AI21-AJ21 -> 0 | AL21: =AI21 -> 0 | AM21: 0 | AO21: =O21*M21 -> 0 | AQ21: =AF21*AE21*AC21 -> 0 | AR21: =AN21*AL21 -> 0 | AT21: =SUBTOTAL(9,AO21:AS21) -> 0
A22: L3 | B22: DC-1 | C22: CONTAQUE CLOUD PVT LTD | D22: yes | E22: Rated | F22: Bundled | G22: U space | H22: Uncaged | I22: =IF(G22="Rack","No of Racks",(IF(G22="Space","Sq Ft","U Space"))) -> U Space | J22: 21 | K22: 21 | L22: =J22-K22 -> 0 | M22: =J22 -> 21 | N22: =J22-M22 -> 0 | P22: =E22 -> Rated | Q22: KW | R22: 4 | S22: 4.29 | T22: =R22-S22 -> -0.29 | U22: 0 | V22: =IF(T22<=0,0,(IF(P22="Rated",(T22+U22)*$V$1,(T22+U22)))) -> 0 | W22: =IF(P22="Rated",R22*$V$1,R22) -> 2 | X22: =S22 -> 4.29 | Y22: =S22 -> 4.29 | Z22: =T22*-1 -> 0.29 | AB22: Rated | AC22: 1.8 | AG22: No of Seats | AH22: No of seats | AI22: 0 | AJ22: 0 | AK22: =AI22-AJ22 -> 0 | AL22: =AI22 -> 0 | AM22: 0 | AO22: =O22*M22 -> 0 | AQ22: =AF22*AE22*AC22 -> 0 | AR22: =AN22*AL22 -> 0 | AT22: =SUBTOTAL(9,AO22:AS22) -> 0
A23: L3 | B23: DC-1 | C23: CONTAQUE CLOUD PVT LTD | D23: yes | E23: Subscribed | F23: Metered | G23: Rack | H23: Uncaged | I23: =IF(G23="Rack","No of Racks",(IF(G23="Space","Sq Ft","U Space"))) -> No of Racks | J23: 1 | K23: 1 | L23: =J23-K23 -> 0 | M23: =J23 -> 1 | N23: =J23-M23 -> 0 | P23: =E23 -> Subscribed | Q23: KW | R23: 3 | S23: =AF23/672 -> 1.8181994 | T23: =R23-S23 -> 1.1818006 | U23: 0 | V23: =IF(T23<=0,0,(IF(P23="Rated",(T23+U23)*$V$1,(T23+U23)))) -> 1.1818006 | W23: =IF(P23="Rated",R23*$V$1,R23) -> 3 | X23: =S23 -> 1.8181994 | Y23: =S23 -> 1.8181994 | Z23: =T23*-1 -> -1.1818006 | AB23: Metered | AC23: 1.8 | AF23: 1221.83 | AG23: No of Seats | AH23: No of seats | AI23: 0 | AJ23: 0 | AK23: =AI23-AJ23 -> 0 | AL23: =AI23 -> 0 | AM23: 0 | AO23: =O23*M23 -> 0 | AQ23: =AF23*AE23*AC23 -> 0 | AR23: =AN23*AL23 -> 0 | AT23: =SUBTOTAL(9,AO23:AS23) -> 0
A24: L3 | B24: DC-1 | C24: CLINISYS INDIA PRIVATE LIMITED | D24: yes | E24: Subscribed | F24: Metered | G24: Rack | H24: Uncaged | I24: =IF(G24="Rack","No of Racks",(IF(G24="Space","Sq Ft","U Space"))) -> No of Racks | J24: 2 | K24: 2 | L24: =J24-K24 -> 0 | M24: =J24 -> 2 | N24: =J24-M24 -> 0 | P24: =E24 -> Subscribed | Q24: KW | R24: 7 | S24: =AF24/672 -> 4.9216815 | T24: =R24-S24 -> 2.0783185 | U24: 0 | V24: =IF(T24<=0,0,(IF(P24="Rated",(T24+U24)*$V$1,(T24+U24)))) -> 2.0783185 | W24: =IF(P24="Rated",R24*$V$1,R24) -> 7 | X24: =S24 -> 4.9216815 | Y24: =S24 -> 4.9216815 | Z24: =T24*-1 -> -2.0783185 | AB24: Metered | AC24: 1.8 | AF24: 3307.37 | AG24: No of Seats | AH24: No of seats | AI24: 0 | AJ24: 0 | AK24: =AI24-AJ24 -> 0 | AL24: =AI24 -> 0 | AM24: 0 | AO24: =O24*M24 -> 0 | AQ24: =AF24*AE24*AC24 -> 0 | AR24: =AN24*AL24 -> 0 | AT24: =SUBTOTAL(9,AO24:AS24) -> 0
A25: L3 | B25: DC-1 | C25: BAJAJ FINANCE LTD | D25: No | E25: Subscribed | F25: Metered | G25: Rack | H25: Caged | I25: =IF(G25="Rack","No of Racks",(IF(G25="Space","Sq Ft","U Space"))) -> No of Racks | J25: 5 | K25: 5 | L25: =J25-K25 -> 0 | M25: =J25 -> 5 | N25: =J25-M25 -> 0 | O25: =12237/12 -> 1019.75 | P25: =E25 -> Subscribed | Q25: KVA | R25: 30 | S25: =AF25/672 -> 16.492515 | T25: =R25-S25 -> 13.507485 | U25: 0 | V25: =IF(T25<=0,0,(IF(P25="Rated",(T25+U25)*$V$1,(T25+U25)))) -> 13.507485 | W25: =IF(P25="Rated",R25*$V$1,R25) -> 30 | X25: =S25 -> 16.492515 | Y25: =S25 -> 16.492515 | Z25: =T25*-1 -> -13.507485 | AB25: Metered | AC25: 1.8 | AF25: 11082.97 | AG25: No of Seats | AH25: No of seats | AI25: 1 | AJ25: 1 | AK25: =AI25-AJ25 -> 0 | AL25: =AI25 -> 1 | AM25: 0 | AO25: =O25*M25 -> 5098.75 | AQ25: =AF25*AE25*AC25 -> 0 | AR25: =AN25*AL25 -> 0 | AT25: =SUBTOTAL(9,AO25:AS25) -> 5098.75
A26: L3 | B26: DC-1 | C26: UNISYS INDIA PVT LTD | D26: yes | E26: Rated | F26: Bundled | G26: Rack | H26: Uncaged | I26: =IF(G26="Rack","No of Racks",(IF(G26="Space","Sq Ft","U Space"))) -> No of Racks | J26: 1 | K26: 1 | L26: =J26-K26 -> 0 | M26: =J26 -> 1 | N26: =J26-M26 -> 0 | O26: =495000/12 -> 41250 | P26: =E26 -> Rated | Q26: KVA | R26: 6 | S26: 5.5 | T26: =R26-S26 -> 0.5 | U26: 0 | V26: =IF(T26<=0,0,(IF(P26="Rated",(T26+U26)*$V$1,(T26+U26)))) -> 0.25 | W26: =IF(P26="Rated",R26*$V$1,R26) -> 3 | X26: =S26 -> 5.5 | Y26: =S26 -> 5.5 | Z26: =T26*-1 -> -0.5 | AA26: =100000/12 -> 8333.3333 | AB26: Rated | AC26: 1.8 | AG26: No of Seats | AH26: No of seats | AI26: 0 | AJ26: 0 | AK26: =AI26-AJ26 -> 0 | AL26: =AI26 -> 0 | AM26: 0 | AO26: =O26*M26 -> 41250 | AQ26: =AF26*AE26*AC26 -> 0 | AR26: =AN26*AL26 -> 0 | AT26: =SUBTOTAL(9,AO26:AS26) -> 41250
A27: L3 | B27: DC-1 | C27: Hindustan Pencil | D27: Yes | E27: Rated | F27: Bundled | G27: Rack | H27: Uncaged | I27: =IF(G27="Rack","No of Racks",(IF(G27="Space","Sq Ft","U Space"))) -> No of Racks | J27: 1 | K27: 1 | L27: =J27-K27 -> 0 | M27: =J27 -> 1 | N27: =J27-M27 -> 0 | O27: =(17500*65)/12 -> 94791.667 | P27: =E27 -> Rated | Q27: KVA | R27: 5.83 | S27: 5.8 | T27: =R27-S27 -> 0.03 | U27: 0 | V27: =IF(T27<=0,0,(IF(P27="Rated",(T27+U27)*$V$1,(T27+U27)))) -> 0.015 | W27: =IF(P27="Rated",R27*$V$1,R27) -> 2.915 | X27: =S27 -> 5.8 | Y27: =S27 -> 5.8 | Z27: =T27*-1 -> -0.03 | AB27: Rated | AC27: 1.8 | AG27: No of Seats | AH27: No of seats | AI27: 0 | AJ27: 0 | AK27: =AI27-AJ27 -> 0 | AL27: =AI27 -> 0 | AM27: 0 | AO27: =O27*M27 -> 94791.667 | AQ27: =AF27*AE27*AC27 -> 0 | AR27: =AN27*AL27 -> 0 | AT27: =SUBTOTAL(9,AO27:AS27) -> 94791.667
A28: L3 | B28: DC-1 | C28: J2 Global | D28: Yes | E28: Rated | F28: Bundled | G28: Rack | H28: Uncaged | I28: =IF(G28="Rack","No of Racks",(IF(G28="Space","Sq Ft","U Space"))) -> No of Racks | J28: 1 | K28: 1 | L28: =J28-K28 -> 0 | M28: =J28 -> 1 | N28: =J28-M28 -> 0 | O28: =1127500/12/2 -> 46979.167 | P28: =E28 -> Rated | Q28: KVA | R28: 3 | S28: 4.78 | T28: =R28-S28 -> -1.78 | U28: 0 | V28: =IF(T28<=0,0,(IF(P28="Rated",(T28+U28)*$V$1,(T28+U28)))) -> 0 | W28: =IF(P28="Rated",R28*$V$1,R28) -> 1.5 | X28: =S28 -> 4.78 | Y28: =S28 -> 4.78 | Z28: =T28*-1 -> 1.78 | AA28: =110000/12 -> 9166.6667 | AB28: Rated | AC28: 1.8 | AG28: No of Seats | AH28: No of seats | AI28: 0 | AJ28: 0 | AK28: =AI28-AJ28 -> 0 | AL28: =AI28 -> 0 | AM28: 0 | AO28: =O28*M28 -> 46979.167 | AQ28: =AF28*AE28*AC28 -> 0 | AR28: =AN28*AL28 -> 0 | AT28: =SUBTOTAL(9,AO28:AS28) -> 46979.167
A29: L3 | B29: DC-1 | C29: Ubona | D29: Yes | E29: Rated | F29: Bundled | G29: Rack | H29: Uncaged | I29: =IF(G29="Rack","No of Racks",(IF(G29="Space","Sq Ft","U Space"))) -> No of Racks | J29: 1 | K29: 1 | L29: =J29-K29 -> 0 | M29: =J29 -> 1 | N29: =J29-M29 -> 0 | O29: =649950/12 -> 54162.5 | P29: =E29 -> Rated | Q29: KVA | R29: 12 | S29: 11.14 | T29: =R29-S29 -> 0.86 | U29: 0 | V29: =IF(T29<=0,0,(IF(P29="Rated",(T29+U29)*$V$1,(T29+U29)))) -> 0.43 | W29: =IF(P29="Rated",R29*$V$1,R29) -> 6 | X29: =S29 -> 11.14 | Y29: =S29 -> 11.14 | Z29: =T29*-1 -> -0.86 | AB29: Rated | AC29: 1.8 | AG29: No of Seats | AH29: No of seats | AI29: 0 | AJ29: 0 | AK29: =AI29-AJ29 -> 0 | AL29: =AI29 -> 0 | AM29: 0 | AO29: =O29*M29 -> 54162.5 | AQ29: =AF29*AE29*AC29 -> 0 | AR29: =AN29*AL29 -> 0 | AT29: =SUBTOTAL(9,AO29:AS29) -> 54162.5
A30: L3 | B30: DC-1 | C30: Ramco | D30: Yes | E30: Rated | F30: Bundled | G30: Rack | H30: Uncaged | I30: =IF(G30="Rack","No of Racks",(IF(G30="Space","Sq Ft","U Space"))) -> No of Racks | J30: 2 | K30: 2 | L30: =J30-K30 -> 0 | M30: =J30 -> 2 | N30: =J30-M30 -> 0 | O30: =40500/12 -> 3375 | P30: =E30 -> Rated | Q30: KVA | R30: 12 | S30: 11.85 | T30: =R30-S30 -> 0.15 | U30: 0 | V30: =IF(T30<=0,0,(IF(P30="Rated",(T30+U30)*$V$1,(T30+U30)))) -> 0.075 | W30: =IF(P30="Rated",R30*$V$1,R30) -> 6 | X30: =S30 -> 11.85 | Y30: =S30 -> 11.85 | Z30: =T30*-1 -> -0.15 | AA30: =90000/12 -> 7500 | AB30: Rated | AC30: 1.8 | AG30: No of Seats | AH30: No of seats | AI30: 0 | AJ30: 0 | AK30: =AI30-AJ30 -> 0 | AL30: =AI30 -> 0 | AM30: 0 | AO30: =O30*M30 -> 6750 | AQ30: =AF30*AE30*AC30 -> 0 | AR30: =AN30*AL30 -> 0 | AT30: =SUBTOTAL(9,AO30:AS30) -> 6750
A31: L3 | B31: DC-1 | C31: Sixth Energy (NEUREOL) | D31: Yes | E31: Rated | F31: Bundled | G31: U space | H31: Uncaged | I31: =IF(G31="Rack","No of Racks",(IF(G31="Space","Sq Ft","U Space"))) -> U Space | J31: 37 | K31: 27 | L31: =J31-K31 -> 10 | M31: =J31 -> 37 | N31: =J31-M31 -> 0 | O31: =(1216313+858000)/12/2 -> 86429.708 | P31: =E31 -> Rated | Q31: KVA | R31: 14.94 | S31: 14.94 | T31: =R31-S31 -> 0 | U31: 0 | V31: =IF(T31<=0,0,(IF(P31="Rated",(T31+U31)*$V$1,(T31+U31)))) -> 0 | W31: =IF(P31="Rated",R31*$V$1,R31) -> 7.47 | X31: =S31 -> 14.94 | Y31: =S31 -> 14.94 | Z31: =T31*-1 -> 0 | AA31: =110000/12 -> 9166.6667 | AB31: Rated | AC31: 1.8 | AG31: No of Seats | AH31: No of seats | AI31: 0 | AJ31: 0 | AK31: =AI31-AJ31 -> 0 | AL31: =AI31 -> 0 | AM31: 0 | AO31: =O31*M31 -> 3197899.2 | AQ31: =AF31*AE31*AC31 -> 0 | AR31: =AN31*AL31 -> 0 | AT31: =SUBTOTAL(9,AO31:AS31) -> 3197899.2
A32: L3 | B32: DC-1 | C32: Kluber | D32: Yes | E32: Rated | F32: Bundled | G32: Rack | H32: Uncaged | I32: =IF(G32="Rack","No of Racks",(IF(G32="Space","Sq Ft","U Space"))) -> No of Racks | J32: 1 | K32: 1 | L32: =J32-K32 -> 0 | M32: =J32 -> 1 | N32: =J32-M32 -> 0 | O32: =(907600+412500)/12/2 -> 55004.167 | P32: =E32 -> Rated | Q32: KVA | R32: 12 | S32: 11.92 | T32: =R32-S32 -> 0.08 | U32: 0 | V32: =IF(T32<=0,0,(IF(P32="Rated",(T32+U32)*$V$1,(T32+U32)))) -> 0.04 | W32: =IF(P32="Rated",R32*$V$1,R32) -> 6 | X32: =S32 -> 11.92 | Y32: =S32 -> 11.92 | Z32: =T32*-1 -> -0.08 | AA32: =80000/12 -> 6666.6667 | AB32: Rated | AC32: 1.8 | AG32: No of Seats | AH32: No of seats | AI32: 0 | AJ32: 0 | AK32: =AI32-AJ32 -> 0 | AL32: =AI32 -> 0 | AM32: 0 | AO32: =O32*M32 -> 55004.167 | AQ32: =AF32*AE32*AC32 -> 0 | AR32: =AN32*AL32 -> 0 | AT32: =SUBTOTAL(9,AO32:AS32) -> 55004.167
A33: L3 | B33: DC-1 | C33: Ozonetel | D33: Yes | E33: Rated | F33: Bundled | G33: Rack | H33: Uncaged | I33: =IF(G33="Rack","No of Racks",(IF(G33="Space","Sq Ft","U Space"))) -> No of Racks | J33: 11 | K33: 11 | L33: =J33-K33 -> 0 | M33: =J33 -> 11 | N33: =J33-M33 -> 0 | O33: =561132/12 -> 46761 | P33: =E33 -> Rated | Q33: KVA | R33: 115.5 | S33: 118.33 | T33: =R33-S33 -> -2.83 | U33: 0 | V33: =IF(T33<=0,0,(IF(P33="Rated",(T33+U33)*$V$1,(T33+U33)))) -> 0 | W33: =IF(P33="Rated",R33*$V$1,R33) -> 57.75 | X33: =S33 -> 118.33 | Y33: =S33 -> 118.33 | Z33: =T33*-1 -> 2.83 | AB33: Rated | AC33: 1.8 | AG33: No of Seats | AH33: No of seats | AI33: 0 | AJ33: 0 | AK33: =AI33-AJ33 -> 0 | AL33: =AI33 -> 0 | AM33: 0 | AO33: =O33*M33 -> 514371 | AQ33: =AF33*AE33*AC33 -> 0 | AR33: =AN33*AL33 -> 0 | AT33: =SUBTOTAL(9,AO33:AS33) -> 514371
A34: L3 | B34: DC-1 | C34: SingTel | D34: Yes | E34: Rated | F34: Bundled | G34: Rack | H34: Uncaged | I34: =IF(G34="Rack","No of Racks",(IF(G34="Space","Sq Ft","U Space"))) -> No of Racks | J34: 4 | K34: 4 | L34: =J34-K34 -> 0 | M34: =J34 -> 4 | N34: =J34-M34 -> 0 | O34: =610000/12 -> 50833.333 | P34: =E34 -> Rated | Q34: KVA | R34: 12 | S34: 7.28 | T34: =R34-S34 -> 4.72 | U34: 0 | V34: =IF(T34<=0,0,(IF(P34="Rated",(T34+U34)*$V$1,(T34+U34)))) -> 2.36 | W34: =IF(P34="Rated",R34*$V$1,R34) -> 6 | X34: =S34 -> 7.28 | Y34: =S34 -> 7.28 | Z34: =T34*-1 -> -4.72 | AB34: Rated | AC34: 1.8 | AG34: No of Seats | AH34: No of seats | AI34: 0 | AJ34: 0 | AK34: =AI34-AJ34 -> 0 | AL34: =AI34 -> 0 | AM34: 0 | AO34: =O34*M34 -> 203333.33 | AQ34: =AF34*AE34*AC34 -> 0 | AR34: =AN34*AL34 -> 0 | AT34: =SUBTOTAL(9,AO34:AS34) -> 203333.33
A35: L3 | B35: DC-1 | C35: Thane Cooperative Bank | D35: Yes | E35: Rated | F35: Bundled | G35: Rack | H35: Uncaged | I35: =IF(G35="Rack","No of Racks",(IF(G35="Space","Sq Ft","U Space"))) -> No of Racks | J35: 2 | K35: 2 | L35: =J35-K35 -> 0 | M35: =J35 -> 2 | N35: =J35-M35 -> 0 | O35: =490000/12 -> 40833.333 | P35: =E35 -> Rated | Q35: KVA | R35: 10 | S35: 9.27 | T35: =R35-S35 -> 0.73 | U35: 0 | V35: =IF(T35<=0,0,(IF(P35="Rated",(T35+U35)*$V$1,(T35+U35)))) -> 0.365 | W35: =IF(P35="Rated",R35*$V$1,R35) -> 5 | X35: =S35 -> 9.27 | Y35: =S35 -> 9.27 | Z35: =T35*-1 -> -0.73 | AB35: Rated | AC35: 1.8 | AG35: No of Seats | AH35: No of seats | AI35: 0 | AJ35: 0 | AK35: =AI35-AJ35 -> 0 | AL35: =AI35 -> 0 | AM35: 0 | AO35: =O35*M35 -> 81666.667 | AQ35: =AF35*AE35*AC35 -> 0 | AR35: =AN35*AL35 -> 0 | AT35: =SUBTOTAL(9,AO35:AS35) -> 81666.667
A36: L3 | B36: DC-1 | C36: Knowlarity | D36: Yes | E36: Rated | F36: Bundled | G36: Rack | H36: Uncaged | I36: =IF(G36="Rack","No of Racks",(IF(G36="Space","Sq Ft","U Space"))) -> No of Racks | J36: 7 | K36: 7 | L36: =J36-K36 -> 0 | M36: =J36 -> 7 | N36: =J36-M36 -> 0 | O36: =498000/12 -> 41500 | P36: =E36 -> Rated | Q36: KVA | R36: 48.53 | S36: 47.9 | T36: =R36-S36 -> 0.63 | U36: 0 | V36: =IF(T36<=0,0,(IF(P36="Rated",(T36+U36)*$V$1,(T36+U36)))) -> 0.315 | W36: =IF(P36="Rated",R36*$V$1,R36) -> 24.265 | X36: =S36 -> 47.9 | Y36: =S36 -> 47.9 | Z36: =T36*-1 -> -0.63 | AA36: =110000/12 -> 9166.6667 | AB36: Rated | AC36: 1.8 | AG36: No of Seats | AH36: No of seats | AI36: 0 | AJ36: 0 | AK36: =AI36-AJ36 -> 0 | AL36: =AI36 -> 0 | AM36: 0 | AO36: =O36*M36 -> 290500 | AQ36: =AF36*AE36*AC36 -> 0 | AR36: =AN36*AL36 -> 0 | AT36: =SUBTOTAL(9,AO36:AS36) -> 290500
A37: L3 | B37: DC-1 | C37: Gradatim | D37: Yes | E37: Rated | F37: Bundled | G37: U space | H37: Uncaged | I37: =IF(G37="Rack","No of Racks",(IF(G37="Space","Sq Ft","U Space"))) -> U Space | J37: 9 | K37: 9 | L37: =J37-K37 -> 0 | M37: =J37 -> 9 | N37: =J37-M37 -> 0 | O37: =32000/12 -> 2666.6667 | P37: =E37 -> Rated | Q37: KVA | R37: 8.06 | S37: 3.9 | T37: =R37-S37 -> 4.16 | U37: 0 | V37: =IF(T37<=0,0,(IF(P37="Rated",(T37+U37)*$V$1,(T37+U37)))) -> 2.08 | W37: =IF(P37="Rated",R37*$V$1,R37) -> 4.03 | X37: =S37 -> 3.9 | Y37: =S37 -> 3.9 | Z37: =T37*-1 -> -4.16 | AA37: 0 | AB37: Rated | AC37: 1.8 | AG37: No of Seats | AH37: No of seats | AI37: 0 | AJ37: 0 | AK37: =AI37-AJ37 -> 0 | AL37: =AI37 -> 0 | AM37: 0 | AO37: =O37*M37 -> 24000 | AQ37: =AF37*AE37*AC37 -> 0 | AR37: =AN37*AL37 -> 0 | AT37: =SUBTOTAL(9,AO37:AS37) -> 24000
A38: L3 | B38: DC-1 | C38: INFIBEAM AVENUES LIMITED | D38: Yes | E38: Rated | F38: Bundled | G38: Rack | H38: Uncaged | I38: =IF(G38="Rack","No of Racks",(IF(G38="Space","Sq Ft","U Space"))) -> No of Racks | J38: 2 | K38: 2 | L38: =J38-K38 -> 0 | M38: =J38 -> 2 | N38: =J38-M38 -> 0 | O38: =(510500+365000)/2/12 -> 36479.167 | P38: =E38 -> Rated | Q38: KVA | R38: 21 | S38: 23.3 | T38: =R38-S38 -> -2.3 | U38: 0 | V38: =IF(T38<=0,0,(IF(P38="Rated",(T38+U38)*$V$1,(T38+U38)))) -> 0 | W38: =IF(P38="Rated",R38*$V$1,R38) -> 10.5 | X38: =S38 -> 23.3 | Y38: =S38 -> 23.3 | Z38: =T38*-1 -> 2.3 | AA38: =85000/12 -> 7083.3333 | AB38: Rated | AC38: 1.8 | AG38: No of Seats | AH38: No of seats | AI38: 0 | AJ38: 0 | AK38: =AI38-AJ38 -> 0 | AL38: =AI38 -> 0 | AM38: 0 | AO38: =O38*M38 -> 72958.333 | AQ38: =AF38*AE38*AC38 -> 0 | AR38: =AN38*AL38 -> 0 | AT38: =SUBTOTAL(9,AO38:AS38) -> 72958.333
A39: L3 | B39: DC-1 | C39: Maximus Infoware | D39: Yes | E39: Rated | F39: Bundled | G39: U space | H39: Uncaged | I39: =IF(G39="Rack","No of Racks",(IF(G39="Space","Sq Ft","U Space"))) -> U Space | J39: 8 | K39: 5 | L39: =J39-K39 -> 3 | M39: =J39 -> 8 | N39: =J39-M39 -> 0 | O39: =550000/12 -> 45833.333 | P39: =E39 -> Rated | Q39: KVA | R39: 1.75 | S39: 1.6 | T39: =R39-S39 -> 0.15 | U39: 0 | V39: =IF(T39<=0,0,(IF(P39="Rated",(T39+U39)*$V$1,(T39+U39)))) -> 0.075 | W39: =IF(P39="Rated",R39*$V$1,R39) -> 0.875 | X39: =S39 -> 1.6 | Y39: =S39 -> 1.6 | Z39: =T39*-1 -> -0.15 | AA39: =90000/12 -> 7500 | AB39: Rated | AC39: 1.8 | AG39: No of Seats | AH39: No of seats | AI39: 0 | AJ39: 0 | AK39: =AI39-AJ39 -> 0 | AL39: =AI39 -> 0 | AM39: 0
A40: L3 | B40: DC-1 | C40: Avenue Ecommerce | D40: Yes | E40: Rated | F40: Bundled | G40: Rack | H40: Uncaged | I40: =IF(G40="Rack","No of Racks",(IF(G40="Space","Sq Ft","U Space"))) -> No of Racks | J40: 4 | K40: 4 | L40: =J40-K40 -> 0 | M40: =J40 -> 4 | N40: =J40-M40 -> 0 | O40: =600000/12 -> 50000 | P40: =E40 -> Rated | Q40: KVA | R40: 33 | S40: 28.03 | T40: =R40-S40 -> 4.97 | U40: 0 | V40: =IF(T40<=0,0,(IF(P40="Rated",(T40+U40)*$V$1,(T40+U40)))) -> 2.485 | W40: =IF(P40="Rated",R40*$V$1,R40) -> 16.5 | X40: =S40 -> 28.03 | Y40: =S40 -> 28.03 | Z40: =T40*-1 -> -4.97 | AA40: =90000/12 -> 7500 | AB40: Rated | AC40: 1.8 | AG40: No of Seats | AH40: No of seats | AI40: 0 | AJ40: 0 | AK40: =AI40-AJ40 -> 0 | AL40: =AI40 -> 0 | AM40: 0
A41: L3 | B41: DC-1 | C41: ESAB | D41: Yes | E41: Rated | F41: Bundled | G41: Rack | H41: Uncaged | I41: =IF(G41="Rack","No of Racks",(IF(G41="Space","Sq Ft","U Space"))) -> No of Racks | J41: 1 | K41: 1 | L41: =J41-K41 -> 0 | M41: =J41 -> 1 | N41: =J41-M41 -> 0 | O41: =267076/12 -> 22256.333 | P41: =E41 -> Rated | Q41: KVA | R41: 9 | S41: 2.9 | T41: =R41-S41 -> 6.1 | U41: 0 | V41: =IF(T41<=0,0,(IF(P41="Rated",(T41+U41)*$V$1,(T41+U41)))) -> 3.05 | W41: =IF(P41="Rated",R41*$V$1,R41) -> 4.5 | X41: =S41 -> 2.9 | Y41: =S41 -> 2.9 | Z41: =T41*-1 -> -6.1 | AA41: =90000/12 -> 7500 | AB41: Rated | AC41: 1.8 | AG41: No of Seats | AH41: No of seats | AI41: 0 | AJ41: 0 | AK41: =AI41-AJ41 -> 0 | AL41: =AI41 -> 0 | AM41: 0
A42: L3 | B42: DC-1 | C42: INSURANCE INFORMATION BUREAU OF INDIA | D42: Yes | E42: Rated | F42: Bundled | G42: Rack | H42: Uncaged | I42: =IF(G42="Rack","No of Racks",(IF(G42="Space","Sq Ft","U Space"))) -> No of Racks | J42: 3 | K42: 3 | L42: =J42-K42 -> 0 | M42: =J42 -> 3 | N42: =J42-M42 -> 0 | O42: =420800/12 -> 35066.667 | P42: =E42 -> Rated | Q42: KVA | R42: 37.5 | S42: 9.82 | T42: =R42-S42 -> 27.68 | U42: 0 | V42: =IF(T42<=0,0,(IF(P42="Rated",(T42+U42)*$V$1,(T42+U42)))) -> 13.84 | W42: =IF(P42="Rated",R42*$V$1,R42) -> 18.75 | X42: =S42 -> 9.82 | Y42: =S42 -> 9.82 | Z42: =T42*-1 -> -27.68 | AA42: =90000/12 -> 7500 | AB42: Rated | AC42: 1.8 | AG42: No of Seats | AH42: No of seats | AI42: 0 | AJ42: 0 | AK42: =AI42-AJ42 -> 0 | AL42: =AI42 -> 0 | AM42: 0
A43: L3 | B43: DC-1 | C43: NIXI | D43: Yes | E43: Rated | F43: Bundled | G43: Rack | H43: Uncaged | I43: =IF(G43="Rack","No of Racks",(IF(G43="Space","Sq Ft","U Space"))) -> No of Racks | J43: 1 | K43: 1 | L43: =J43-K43 -> 0 | M43: =J43 -> 1 | N43: =J43-M43 -> 0 | O43: =280000/4/12 -> 5833.3333 | P43: =E43 -> Rated | Q43: KVA | R43: 3.5 | S43: 2.84 | T43: =R43-S43 -> 0.66 | U43: 0 | V43: =IF(T43<=0,0,(IF(P43="Rated",(T43+U43)*$V$1,(T43+U43)))) -> 0.33 | W43: =IF(P43="Rated",R43*$V$1,R43) -> 1.75 | X43: =S43 -> 2.84 | Y43: =S43 -> 2.84 | Z43: =T43*-1 -> -0.66 | AA43: =90000/12 -> 7500 | AB43: Rated | AC43: 1.8 | AG43: No of Seats | AH43: No of seats | AI43: 0 | AJ43: 0 | AK43: =AI43-AJ43 -> 0 | AL43: =AI43 -> 0 | AM43: 0
A44: L3 | B44: DC-1 | C44: UPPCL | D44: Yes | E44: Rated | F44: Bundled | G44: Rack | H44: Uncaged | I44: =IF(G44="Rack","No of Racks",(IF(G44="Space","Sq Ft","U Space"))) -> No of Racks | J44: 1 | K44: 1 | L44: =J44-K44 -> 0 | M44: =J44 -> 1 | N44: =J44-M44 -> 0 | O44: 0 | P44: =E44 -> Rated | Q44: KVA | R44: 6 | S44: 8.02 | T44: =R44-S44 -> -2.02 | U44: 0 | V44: =IF(T44<=0,0,(IF(P44="Rated",(T44+U44)*$V$1,(T44+U44)))) -> 0 | W44: =IF(P44="Rated",R44*$V$1,R44) -> 3 | X44: =S44 -> 8.02 | Y44: =S44 -> 8.02 | Z44: =T44*-1 -> 2.02 | AA44: 0 | AB44: Rated | AC44: 1.8 | AG44: No of Seats | AH44: No of seats | AI44: 0 | AJ44: 0 | AK44: =AI44-AJ44 -> 0 | AL44: =AI44 -> 0 | AM44: 0
A45: L3 | B45: DC-1 | C45: Max Bhupa | D45: Yes | E45: Rated | F45: Bundled | G45: Rack | H45: Uncaged | I45: =IF(G45="Rack","No of Racks",(IF(G45="Space","Sq Ft","U Space"))) -> No of Racks | J45: 1 | K45: 1 | L45: =J45-K45 -> 0 | M45: =J45 -> 1 | N45: =J45-M45 -> 0 | O45: =400000/12 -> 33333.333 | P45: =E45 -> Rated | Q45: KVA | R45: 3 | S45: 3.97 | T45: =R45-S45 -> -0.97 | U45: 0 | V45: =IF(T45<=0,0,(IF(P45="Rated",(T45+U45)*$V$1,(T45+U45)))) -> 0 | W45: =IF(P45="Rated",R45*$V$1,R45) -> 1.5 | X45: =S45 -> 3.97 | Y45: =S45 -> 3.97 | Z45: =T45*-1 -> 0.97 | AA45: 0 | AB45: Rated | AC45: 1.8 | AG45: No of Seats | AH45: No of seats | AI45: 0 | AJ45: 0 | AK45: =AI45-AJ45 -> 0 | AL45: =AI45 -> 0 | AM45: 0
A46: L3 | B46: DC-1 | C46: L&T infotech | D46: Yes | E46: Rated | F46: Bundled | G46: Rack | H46: Uncaged | I46: =IF(G46="Rack","No of Racks",(IF(G46="Space","Sq Ft","U Space"))) -> No of Racks | J46: 2 | K46: 2 | L46: =J46-K46 -> 0 | M46: =J46 -> 2 | N46: =J46-M46 -> 0 | O46: =550000/12 -> 45833.333 | P46: =E46 -> Rated | Q46: KVA | R46: 9 | S46: 4.91 | T46: =R46-S46 -> 4.09 | U46: 0 | V46: =IF(T46<=0,0,(IF(P46="Rated",(T46+U46)*$V$1,(T46+U46)))) -> 2.045 | W46: =IF(P46="Rated",R46*$V$1,R46) -> 4.5 | X46: =S46 -> 4.91 | Y46: =S46 -> 4.91 | Z46: =T46*-1 -> -4.09 | AA46: =90000/12 -> 7500 | AB46: Rated | AC46: 1.8 | AG46: No of Seats | AH46: No of seats | AI46: 0 | AJ46: 0 | AK46: =AI46-AJ46 -> 0 | AL46: =AI46 -> 0 | AM46: 0
A47: L3 | B47: DC-1 | C47: Hughes Communications | D47: Yes | E47: Rated | F47: Bundled | G47: Rack | H47: Uncaged | I47: =IF(G47="Rack","No of Racks",(IF(G47="Space","Sq Ft","U Space"))) -> No of Racks | J47: 1 | K47: 1 | L47: =J47-K47 -> 0 | M47: =J47 -> 1 | N47: =J47-M47 -> 0 | O47: =480000/12 -> 40000 | P47: =E47 -> Rated | Q47: KVA | R47: 3 | S47: 1.64 | T47: =R47-S47 -> 1.36 | U47: 0 | V47: =IF(T47<=0,0,(IF(P47="Rated",(T47+U47)*$V$1,(T47+U47)))) -> 0.68 | W47: =IF(P47="Rated",R47*$V$1,R47) -> 1.5 | X47: =S47 -> 1.64 | Y47: =S47 -> 1.64 | Z47: =T47*-1 -> -1.36 | AA47: =98000/12 -> 8166.6667 | AB47: Rated | AC47: 1.8 | AG47: No of Seats | AH47: No of seats | AI47: 0 | AJ47: 0 | AK47: =AI47-AJ47 -> 0 | AL47: =AI47 -> 0 | AM47: 0
A48: L3 | B48: DC-1 | C48: Jubilant Motors | D48: Yes | E48: Rated | F48: Bundled | G48: Rack | H48: Uncaged | I48: =IF(G48="Rack","No of Racks",(IF(G48="Space","Sq Ft","U Space"))) -> No of Racks | J48: 4 | K48: 3 | L48: =J48-K48 -> 1 | M48: =J48 -> 4 | N48: =J48-M48 -> 0 | O48: =295000/12/21 -> 1170.6349 | P48: =E48 -> Rated | Q48: KVA | R48: 1 | S48: 0.44 | T48: =R48-S48 -> 0.56 | U48: 0 | V48: =IF(T48<=0,0,(IF(P48="Rated",(T48+U48)*$V$1,(T48+U48)))) -> 0.28 | W48: =IF(P48="Rated",R48*$V$1,R48) -> 0.5 | X48: =S48 -> 0.44 | Y48: =S48 -> 0.44 | Z48: =T48*-1 -> -0.56 | AB48: Rated | AC48: 1.8 | AG48: No of Seats | AH48: No of seats | AI48: 0 | AJ48: 0 | AK48: =AI48-AJ48 -> 0 | AL48: =AI48 -> 0 | AM48: 0
A49: L3 | B49: DC-1 | C49: GIC | D49: Yes | E49: Rated | F49: Bundled | G49: Rack | H49: Uncaged | I49: =IF(G49="Rack","No of Racks",(IF(G49="Space","Sq Ft","U Space"))) -> No of Racks | J49: 1 | K49: 1 | L49: =J49-K49 -> 0 | M49: =J49 -> 1 | N49: =J49-M49 -> 0 | O49: =540000/12 -> 45000 | P49: =E49 -> Rated | Q49: KVA | R49: 6 | S49: 5.52 | T49: =R49-S49 -> 0.48 | U49: 0 | V49: =IF(T49<=0,0,(IF(P49="Rated",(T49+U49)*$V$1,(T49+U49)))) -> 0.24 | W49: =IF(P49="Rated",R49*$V$1,R49) -> 3 | X49: =S49 -> 5.52 | Y49: =S49 -> 5.52 | Z49: =T49*-1 -> -0.48 | AA49: =90000/12 -> 7500 | AB49: Rated | AC49: 1.8 | AG49: No of Seats | AH49: No of seats | AI49: 0 | AJ49: 0 | AK49: =AI49-AJ49 -> 0 | AL49: =AI49 -> 0 | AM49: 0
A50: L3 | B50: DC-1 | C50: Happiest Mind | D50: Yes | E50: Rated | F50: Bundled | G50: Rack | H50: Uncaged | I50: =IF(G50="Rack","No of Racks",(IF(G50="Space","Sq Ft","U Space"))) -> No of Racks | J50: 1 | K50: 1 | L50: =J50-K50 -> 0 | M50: =J50 -> 1 | N50: =J50-M50 -> 0 | O50: =485000/12 -> 40416.667 | P50: =E50 -> Rated | Q50: KVA | R50: 3 | S50: 1.98 | T50: =R50-S50 -> 1.02 | U50: 0 | V50: =IF(T50<=0,0,(IF(P50="Rated",(T50+U50)*$V$1,(T50+U50)))) -> 0.51 | W50: =IF(P50="Rated",R50*$V$1,R50) -> 1.5 | X50: =S50 -> 1.98 | Y50: =S50 -> 1.98 | Z50: =T50*-1 -> -1.02 | AB50: Rated | AC50: 1.8 | AG50: No of Seats | AH50: No of seats | AI50: 0 | AJ50: 0 | AK50: =AI50-AJ50 -> 0 | AL50: =AI50 -> 0 | AM50: 0
A51: L3 | B51: DC-1 | C51: Bajoria | D51: Yes | E51: Rated | F51: Bundled | G51: U space | H51: Uncaged | I51: =IF(G51="Rack","No of Racks",(IF(G51="Space","Sq Ft","U Space"))) -> U Space | J51: 1 | K51: 1 | L51: =J51-K51 -> 0 | M51: =J51 -> 1 | N51: =J51-M51 -> 0 | O51: =785000/12 -> 65416.667 | P51: =E51 -> Rated | Q51: KVA | R51: 0.5 | S51: 0.27 | T51: =R51-S51 -> 0.23 | U51: 0 | V51: =IF(T51<=0,0,(IF(P51="Rated",(T51+U51)*$V$1,(T51+U51)))) -> 0.115 | W51: =IF(P51="Rated",R51*$V$1,R51) -> 0.25 | X51: =S51 -> 0.27 | Y51: =S51 -> 0.27 | Z51: =T51*-1 -> -0.23 | AA51: =95000/12 -> 7916.6667 | AB51: Rated | AC51: 1.8 | AG51: No of Seats | AH51: No of seats | AI51: 0 | AJ51: 0 | AK51: =AI51-AJ51 -> 0 | AL51: =AI51 -> 0 | AM51: 0
A52: L3 | B52: DC-1 | C52: ACT Broad band | D52: Yes | E52: Rated | F52: Bundled | G52: U space | H52: Uncaged | I52: =IF(G52="Rack","No of Racks",(IF(G52="Space","Sq Ft","U Space"))) -> U Space | J52: 1 | K52: 1 | L52: =J52-K52 -> 0 | M52: =J52 -> 1 | N52: =J52-M52 -> 0 | O52: 70000 | P52: =E52 -> Rated | Q52: KVA | R52: 0.25 | S52: 0.22 | T52: =R52-S52 -> 0.03 | U52: 0 | V52: =IF(T52<=0,0,(IF(P52="Rated",(T52+U52)*$V$1,(T52+U52)))) -> 0.015 | W52: =IF(P52="Rated",R52*$V$1,R52) -> 0.125 | X52: =S52 -> 0.22 | Y52: =S52 -> 0.22 | Z52: =T52*-1 -> -0.03 | AB52: Rated | AC52: 1.8 | AG52: No of Seats | AH52: No of seats | AI52: 0 | AJ52: 0 | AK52: =AI52-AJ52 -> 0 | AL52: =AI52 -> 0 | AM52: 0
A53: L3 | B53: DC-1 | C53: Aspiration Images | D53: Yes | E53: Rated | F53: Bundled | G53: U space | H53: Uncaged | I53: =IF(G53="Rack","No of Racks",(IF(G53="Space","Sq Ft","U Space"))) -> U Space | J53: 1 | K53: 1 | L53: =J53-K53 -> 0 | M53: =J53 -> 1 | N53: =J53-M53 -> 0 | O53: =37000/12 -> 3083.3333 | P53: =E53 -> Rated | Q53: KVA | R53: 0.25 | S53: 0.233 | T53: =R53-S53 -> 0.017 | U53: 0 | V53: =IF(T53<=0,0,(IF(P53="Rated",(T53+U53)*$V$1,(T53+U53)))) -> 0.0085 | W53: =IF(P53="Rated",R53*$V$1,R53) -> 0.125 | X53: =S53 -> 0.233 | Y53: =S53 -> 0.233 | Z53: =T53*-1 -> -0.017 | AA53: =85000/12 -> 7083.3333 | AB53: Rated | AC53: 1.8 | AG53: No of Seats | AH53: No of seats | AI53: 0 | AJ53: 0 | AK53: =AI53-AJ53 -> 0 | AL53: =AI53 -> 0 | AM53: 0
A54: L3 | B54: DC-1 | C54: Vashi Electricals | D54: Yes | E54: Rated | F54: Bundled | G54: Rack | H54: Uncaged | I54: =IF(G54="Rack","No of Racks",(IF(G54="Space","Sq Ft","U Space"))) -> No of Racks | J54: 21 | K54: 21 | L54: =J54-K54 -> 0 | M54: =J54 -> 21 | N54: =J54-M54 -> 0 | O54: =35000/12 -> 2916.6667 | P54: =E54 -> Rated | Q54: KVA | R54: 4 | S54: 3.93 | T54: =R54-S54 -> 0.07 | U54: 0 | V54: =IF(T54<=0,0,(IF(P54="Rated",(T54+U54)*$V$1,(T54+U54)))) -> 0.035 | W54: =IF(P54="Rated",R54*$V$1,R54) -> 2 | X54: =S54 -> 3.93 | Y54: =S54 -> 3.93 | Z54: =T54*-1 -> -0.07 | AA54: =85000/12 -> 7083.3333 | AB54: Rated | AC54: 1.8 | AG54: No of Seats | AH54: No of seats | AI54: 0 | AJ54: 0 | AK54: =AI54-AJ54 -> 0 | AL54: =AI54 -> 0 | AM54: 0
A55: L3 | B55: DC-1 | C55: TCI Express | D55: Yes | E55: Rated | F55: Bundled | G55: U space | H55: Uncaged | I55: =IF(G55="Rack","No of Racks",(IF(G55="Space","Sq Ft","U Space"))) -> U Space | J55: 4 | K55: 6 | L55: =J55-K55 -> -2 | M55: =J55 -> 4 | N55: =J55-M55 -> 0 | O55: =216000/12/21 -> 857.14286 | P55: =E55 -> Rated | Q55: KVA | R55: 1 | S55: 2.11 | T55: =R55-S55 -> -1.11 | U55: 0 | V55: =IF(T55<=0,0,(IF(P55="Rated",(T55+U55)*$V$1,(T55+U55)))) -> 0 | W55: =IF(P55="Rated",R55*$V$1,R55) -> 0.5 | X55: =S55 -> 2.11 | Y55: =S55 -> 2.11 | Z55: =T55*-1 -> 1.11 | AA55: =90000/12 -> 7500 | AB55: Rated | AC55: 1.8 | AG55: No of Seats | AH55: No of seats | AI55: 0 | AJ55: 0 | AK55: =AI55-AJ55 -> 0 | AL55: =AI55 -> 0 | AM55: 0
A56: L3 | B56: DC-1 | C56: PRAMERICA LIFE INSURANCE LIMITED | D56: Yes | E56: Rated | F56: Bundled | G56: Rack | H56: Uncaged | I56: =IF(G56="Rack","No of Racks",(IF(G56="Space","Sq Ft","U Space"))) -> No of Racks | J56: 3 | K56: 3 | L56: =J56-K56 -> 0 | M56: =J56 -> 3 | N56: =J56-M56 -> 0 | O56: =35000/12 -> 2916.6667 | P56: =E56 -> Rated | Q56: KVA | R56: 16 | S56: 16.16 | T56: =R56-S56 -> -0.16 | U56: 0 | V56: =IF(T56<=0,0,(IF(P56="Rated",(T56+U56)*$V$1,(T56+U56)))) -> 0 | W56: =IF(P56="Rated",R56*$V$1,R56) -> 8 | X56: =S56 -> 16.16 | Y56: =S56 -> 16.16 | Z56: =T56*-1 -> 0.16 | AB56: Rated | AC56: 1.8 | AG56: No of Seats | AH56: No of seats | AI56: 0 | AJ56: 0 | AK56: =AI56-AJ56 -> 0 | AL56: =AI56 -> 0 | AM56: 0
A57: L3 | B57: DC-1 | C57: NISM | D57: Yes | E57: Rated | F57: Bundled | G57: U space | H57: Uncaged | I57: =IF(G57="Rack","No of Racks",(IF(G57="Space","Sq Ft","U Space"))) -> U Space | J57: 4 | K57: 4 | L57: =J57-K57 -> 0 | M57: =J57 -> 4 | N57: =J57-M57 -> 0 | O57: =(894000+480700)/12/2 -> 57279.167 | P57: =E57 -> Rated | Q57: KVA | R57: 1.72 | S57: 1.4 | T57: =R57-S57 -> 0.32 | U57: 0 | V57: =IF(T57<=0,0,(IF(P57="Rated",(T57+U57)*$V$1,(T57+U57)))) -> 0.16 | W57: =IF(P57="Rated",R57*$V$1,R57) -> 0.86 | X57: =S57 -> 1.4 | Y57: =S57 -> 1.4 | Z57: =T57*-1 -> -0.32 | AA57: =95000/12 -> 7916.6667 | AB57: Rated | AC57: 1.8 | AG57: No of Seats | AH57: No of seats | AI57: 0 | AJ57: 0 | AK57: =AI57-AJ57 -> 0 | AL57: =AI57 -> 0 | AM57: 0
A58: L3 | B58: DC-1 | C58: Wildcraft | D58: Yes | E58: Rated | F58: Bundled | G58: Rack | H58: Uncaged | I58: =IF(G58="Rack","No of Racks",(IF(G58="Space","Sq Ft","U Space"))) -> No of Racks | J58: 1 | K58: 1 | L58: =J58-K58 -> 0 | M58: =J58 -> 1 | N58: =J58-M58 -> 0 | O58: =(39750+39750/4)/12 -> 4140.625 | P58: =E58 -> Rated | Q58: KVA | R58: 9.5 | S58: 10.53 | T58: =R58-S58 -> -1.03 | U58: 0 | V58: =IF(T58<=0,0,(IF(P58="Rated",(T58+U58)*$V$1,(T58+U58)))) -> 0 | W58: =IF(P58="Rated",R58*$V$1,R58) -> 4.75 | X58: =S58 -> 10.53 | Y58: =S58 -> 10.53 | Z58: =T58*-1 -> 1.03 | AB58: Rated | AC58: 1.8 | AG58: No of Seats | AH58: No of seats | AI58: 0 | AJ58: 0 | AK58: =AI58-AJ58 -> 0 | AL58: =AI58 -> 0 | AM58: 0
A59: L3 | B59: DC-1 | C59: Bombay Merchantile Co Operative Bank Ltd IFTAS | D59: Yes | E59: Rated | F59: Bundled | G59: U space | H59: Uncaged | I59: =IF(G59="Rack","No of Racks",(IF(G59="Space","Sq Ft","U Space"))) -> U Space | J59: 4 | K59: 4 | L59: =J59-K59 -> 0 | M59: =J59 -> 4 | N59: =J59-M59 -> 0 | O59: =40000/2/12 -> 1666.6667 | P59: =E59 -> Rated | Q59: KVA | R59: 1 | S59: 0.505 | T59: =R59-S59 -> 0.495 | U59: 0 | V59: =IF(T59<=0,0,(IF(P59="Rated",(T59+U59)*$V$1,(T59+U59)))) -> 0.2475 | W59: =IF(P59="Rated",R59*$V$1,R59) -> 0.5 | X59: =S59 -> 0.505 | Y59: =S59 -> 0.505 | Z59: =T59*-1 -> -0.495 | AB59: Rated | AC59: 1.8 | AG59: No of Seats | AH59: No of seats | AI59: 0 | AJ59: 0 | AK59: =AI59-AJ59 -> 0 | AL59: =AI59 -> 0 | AM59: 0
A60: L3 | B60: DC-1 | C60: Triveni Engineering | D60: Yes | E60: Rated | F60: Bundled | G60: U space | H60: Uncaged | I60: =IF(G60="Rack","No of Racks",(IF(G60="Space","Sq Ft","U Space"))) -> U Space | J60: 21 | K60: 21 | L60: =J60-K60 -> 0 | M60: =J60 -> 21 | N60: =J60-M60 -> 0 | P60: =E60 -> Rated | Q60: KVA | R60: 1.5 | S60: 1.44 | T60: =R60-S60 -> 0.06 | U60: 0 | V60: =IF(T60<=0,0,(IF(P60="Rated",(T60+U60)*$V$1,(T60+U60)))) -> 0.03 | W60: =IF(P60="Rated",R60*$V$1,R60) -> 0.75 | X60: =S60 -> 1.44 | Y60: =S60 -> 1.44 | Z60: =T60*-1 -> -0.06 | AB60: Rated | AC60: 1.8 | AG60: No of Seats | AH60: No of seats | AI60: 0 | AJ60: 0 | AK60: =AI60-AJ60 -> 0 | AL60: =AI60 -> 0 | AM60: 0
A61: L3 | B61: DC-1 | C61: Coforge Ltd | D61: Yes | E61: Rated | F61: Bundled | G61: Rack | H61: Uncaged | I61: =IF(G61="Rack","No of Racks",(IF(G61="Space","Sq Ft","U Space"))) -> No of Racks | J61: 1 | K61: 1 | L61: =J61-K61 -> 0 | M61: =J61 -> 1 | N61: =J61-M61 -> 0 | P61: =E61 -> Rated | Q61: KVA | R61: 8 | S61: 7.28 | T61: =R61-S61 -> 0.72 | U61: 0 | V61: =IF(T61<=0,0,(IF(P61="Rated",(T61+U61)*$V$1,(T61+U61)))) -> 0.36 | W61: =IF(P61="Rated",R61*$V$1,R61) -> 4 | X61: =S61 -> 7.28 | Y61: =S61 -> 7.28 | Z61: =T61*-1 -> -0.72 | AB61: Rated | AC61: 1.8 | AG61: No of Seats | AH61: No of seats | AI61: 0 | AJ61: 0 | AK61: =AI61-AJ61 -> 0 | AL61: =AI61 -> 0 | AM61: 0
A62: L3 | B62: DC-1 | C62: United brewaries LTD | D62: Yes | E62: Rated | F62: Bundled | G62: Rack | H62: Uncaged | I62: =IF(G62="Rack","No of Racks",(IF(G62="Space","Sq Ft","U Space"))) -> No of Racks | J62: 2 | K62: 2 | L62: =J62-K62 -> 0 | M62: =J62 -> 2 | N62: =J62-M62 -> 0 | P62: =E62 -> Rated | Q62: KVA | R62: 22 | S62: 22.87 | T62: =R62-S62 -> -0.87 | U62: 0 | V62: =IF(T62<=0,0,(IF(P62="Rated",(T62+U62)*$V$1,(T62+U62)))) -> 0 | W62: =IF(P62="Rated",R62*$V$1,R62) -> 11 | X62: =S62 -> 22.87 | Y62: =S62 -> 22.87 | Z62: =T62*-1 -> 0.87 | AB62: Rated | AC62: 1.8 | AG62: No of Seats | AH62: No of seats | AI62: 0 | AJ62: 0 | AK62: =AI62-AJ62 -> 0 | AL62: =AI62 -> 0 | AM62: 0
A63: L3 | B63: DC-1 | C63: DBFS Securities Limited | D63: Yes | E63: Rated | F63: Bundled | G63: U space | H63: Uncaged | I63: =IF(G63="Rack","No of Racks",(IF(G63="Space","Sq Ft","U Space"))) -> U Space | J63: 3 | K63: 3 | L63: =J63-K63 -> 0 | M63: =J63 -> 3 | N63: =J63-M63 -> 0 | P63: =E63 -> Rated | Q63: KVA | R63: 0.75 | S63: 0.366 | T63: =R63-S63 -> 0.384 | U63: 0 | V63: =IF(T63<=0,0,(IF(P63="Rated",(T63+U63)*$V$1,(T63+U63)))) -> 0.192 | W63: =IF(P63="Rated",R63*$V$1,R63) -> 0.375 | X63: =S63 -> 0.366 | Y63: =S63 -> 0.366 | Z63: =T63*-1 -> -0.384 | AB63: Rated | AC63: 1.8 | AG63: No of Seats | AH63: No of seats | AI63: 0 | AJ63: 0 | AK63: =AI63-AJ63 -> 0 | AL63: =AI63 -> 0 | AM63: 0
A64: L3 | B64: DC-1 | C64: TELECMI Technologies | D64: Yes | E64: Rated | F64: Bundled | G64: U space | H64: Uncaged | I64: =IF(G64="Rack","No of Racks",(IF(G64="Space","Sq Ft","U Space"))) -> U Space | J64: 3 | K64: 2 | L64: =J64-K64 -> 1 | M64: =J64 -> 3 | N64: =J64-M64 -> 0 | P64: =E64 -> Rated | Q64: KVA | R64: 1 | S64: 0.833 | T64: =R64-S64 -> 0.167 | U64: 0 | V64: =IF(T64<=0,0,(IF(P64="Rated",(T64+U64)*$V$1,(T64+U64)))) -> 0.0835 | W64: =IF(P64="Rated",R64*$V$1,R64) -> 0.5 | X64: =S64 -> 0.833 | Y64: =S64 -> 0.833 | Z64: =T64*-1 -> -0.167 | AB64: Rated | AC64: 1.8 | AG64: No of Seats | AH64: No of seats | AI64: 0 | AJ64: 0 | AK64: =AI64-AJ64 -> 0 | AL64: =AI64 -> 0 | AM64: 0
A65: L3 | B65: DC-2 | C65: Extreme | D65: Yes | E65: Rated | F65: Bundled | G65: Rack | H65: Uncaged | I65: =IF(G65="Rack","No of Racks",(IF(G65="Space","Sq Ft","U Space"))) -> No of Racks | J65: 1 | K65: 1 | L65: =J65-K65 -> 0 | M65: =J65 -> 1 | N65: =J65-M65 -> 0 | P65: =E65 -> Rated | Q65: KVA | R65: 3 | S65: 0.711 | T65: =R65-S65 -> 2.289 | U65: 0 | V65: =IF(T65<=0,0,(IF(P65="Rated",(T65+U65)*$V$1,(T65+U65)))) -> 1.1445 | W65: =IF(P65="Rated",R65*$V$1,R65) -> 1.5 | X65: =S65 -> 0.711 | Y65: =S65 -> 0.711 | Z65: =T65*-1 -> -2.289 | AB65: Rated | AC65: 1.8 | AG65: No of Seats | AH65: No of seats | AI65: 0 | AJ65: 0 | AK65: =AI65-AJ65 -> 0 | AL65: =AI65 -> 0 | AM65: 0
A66: L3 | B66: DC-1 | C66: Kansai Nerolac | D66: Yes | E66: Rated | F66: Bundled | G66: Rack | H66: Uncaged | I66: =IF(G66="Rack","No of Racks",(IF(G66="Space","Sq Ft","U Space"))) -> No of Racks | J66: 1 | K66: 1 | L66: =J66-K66 -> 0 | M66: =J66 -> 1 | N66: =J66-M66 -> 0 | P66: =E66 -> Rated | Q66: KVA | R66: 6.25 | S66: 5.83 | T66: =R66-S66 -> 0.42 | U66: 0 | V66: =IF(T66<=0,0,(IF(P66="Rated",(T66+U66)*$V$1,(T66+U66)))) -> 0.21 | W66: =IF(P66="Rated",R66*$V$1,R66) -> 3.125 | X66: =S66 -> 5.83 | Y66: =S66 -> 5.83 | Z66: =T66*-1 -> -0.42 | AB66: Rated | AC66: 1.8 | AG66: No of Seats | AH66: No of seats | AI66: 0 | AJ66: 0 | AK66: =AI66-AJ66 -> 0 | AL66: =AI66 -> 0 | AM66: 0
A67: L3 | B67: DC-1 | C67: ISHAN | D67: Yes | E67: Rated | F67: Bundled | G67: U space | H67: Uncaged | I67: =IF(G67="Rack","No of Racks",(IF(G67="Space","Sq Ft","U Space"))) -> U Space | J67: 2 | K67: 2 | L67: =J67-K67 -> 0 | M67: =J67 -> 2 | N67: =J67-M67 -> 0 | P67: =E67 -> Rated | Q67: KVA | R67: 0.5 | S67: 0.138 | T67: =R67-S67 -> 0.362 | U67: 0 | V67: =IF(T67<=0,0,(IF(P67="Rated",(T67+U67)*$V$1,(T67+U67)))) -> 0.181 | W67: =IF(P67="Rated",R67*$V$1,R67) -> 0.25 | X67: =S67 -> 0.138 | Y67: =S67 -> 0.138 | Z67: =T67*-1 -> -0.362 | AB67: Rated | AC67: 1.8 | AG67: No of Seats | AH67: No of seats | AI67: 0 | AJ67: 0 | AK67: =AI67-AJ67 -> 0 | AL67: =AI67 -> 0 | AM67: 0
A68: L3 | B68: DC-1 | C68: Jiffy (SRI LAKSHMI NETWORKS PRIVATE LIMITED) | D68: Yes | E68: Rated | F68: Bundled | G68: U space | H68: Uncaged | I68: =IF(G68="Rack","No of Racks",(IF(G68="Space","Sq Ft","U Space"))) -> U Space | J68: 1 | K68: 1 | L68: =J68-K68 -> 0 | M68: =J68 -> 1 | N68: =J68-M68 -> 0 | P68: =E68 -> Rated | Q68: KVA | R68: 0.25 | S68: 0.26 | T68: =R68-S68 -> -0.01 | U68: 0 | V68: =IF(T68<=0,0,(IF(P68="Rated",(T68+U68)*$V$1,(T68+U68)))) -> 0 | W68: =IF(P68="Rated",R68*$V$1,R68) -> 0.125 | X68: =S68 -> 0.26 | Y68: =S68 -> 0.26 | Z68: =T68*-1 -> 0.01 | AB68: Rated | AC68: 1.8 | AG68: No of Seats | AH68: No of seats | AI68: 0 | AJ68: 0 | AK68: =AI68-AJ68 -> 0 | AL68: =AI68 -> 0 | AM68: 0
A69: L3 | B69: DC-1 | C69: Tech Solve Engine | D69: Yes | E69: Rated | F69: Bundled | G69: Rack | H69: Uncaged | I69: =IF(G69="Rack","No of Racks",(IF(G69="Space","Sq Ft","U Space"))) -> No of Racks | J69: 2 | K69: 2 | L69: =J69-K69 -> 0 | M69: =J69 -> 2 | N69: =J69-M69 -> 0 | P69: =E69 -> Rated | Q69: KVA | R69: 12 | S69: 11.4 | T69: =R69-S69 -> 0.6 | U69: 0 | V69: =IF(T69<=0,0,(IF(P69="Rated",(T69+U69)*$V$1,(T69+U69)))) -> 0.3 | W69: =IF(P69="Rated",R69*$V$1,R69) -> 6 | X69: =S69 -> 11.4 | Y69: =S69 -> 11.4 | Z69: =T69*-1 -> -0.6 | AB69: Rated | AC69: 1.8 | AG69: No of Seats | AH69: No of seats | AI69: 0 | AJ69: 0 | AK69: =AI69-AJ69 -> 0 | AL69: =AI69 -> 0 | AM69: 0
A70: L3 | B70: MMR-4 | C70: LIGHTSTORM TELECOM CONNECTIVITY PRIVATE LIMITED | D70: Yes | E70: Rated | F70: Bundled | G70: Rack | H70: Uncaged | I70: =IF(G70="Rack","No of Racks",(IF(G70="Space","Sq Ft","U Space"))) -> No of Racks | J70: 2 | K70: 2 | L70: =J70-K70 -> 0 | M70: =J70 -> 2 | N70: =J70-M70 -> 0 | P70: =E70 -> Rated | Q70: KVA | R70: 8 | S70: 4.01 | T70: =R70-S70 -> 3.99 | U70: 0 | V70: =IF(T70<=0,0,(IF(P70="Rated",(T70+U70)*$V$1,(T70+U70)))) -> 1.995 | W70: =IF(P70="Rated",R70*$V$1,R70) -> 4 | X70: =S70 -> 4.01 | Y70: =S70 -> 4.01 | Z70: =T70*-1 -> -3.99 | AB70: Rated | AC70: 1.8 | AG70: No of Seats | AH70: No of seats | AI70: 0 | AJ70: 0 | AK70: =AI70-AJ70 -> 0 | AL70: =AI70 -> 0 | AM70: 0
A71: L3 | B71: DC-1 | C71: IFB INDUSTRIES LIMITED | D71: Yes | E71: Rated | F71: Bundled | G71: Rack | H71: Uncaged | I71: =IF(G71="Rack","No of Racks",(IF(G71="Space","Sq Ft","U Space"))) -> No of Racks | J71: 4 | K71: 4 | L71: =J71-K71 -> 0 | M71: =J71 -> 4 | N71: =J71-M71 -> 0 | P71: =E71 -> Rated | Q71: KVA | R71: 24 | S71: 36.8 | T71: =R71-S71 -> -12.8 | U71: 0 | V71: =IF(T71<=0,0,(IF(P71="Rated",(T71+U71)*$V$1,(T71+U71)))) -> 0 | W71: =IF(P71="Rated",R71*$V$1,R71) -> 12 | X71: =S71 -> 36.8 | Y71: =S71 -> 36.8 | Z71: =T71*-1 -> 12.8 | AB71: Rated | AC71: 1.8 | AG71: No of Seats | AH71: No of seats | AI71: 0 | AJ71: 0 | AK71: =AI71-AJ71 -> 0 | AL71: =AI71 -> 0 | AM71: 0
... A73: L3 | B73: DC-1 | C73: MN WORLD ENTERPRISE PVT LTD | D73: Yes | E73: Rated | F73: Bundled | G73: U space | H73: Uncaged | I73: =IF(G73="Rack","No of Racks",(IF(G73="Space","Sq Ft","U Space"))) -> U Space | J73: 4 | K73: 3 | L73: =J73-K73 -> 1 | M73: =J73 -> 4 | N73: =J73-M73 -> 0 | P73: =E73 -> Rated | Q73: KVA | R73: 1 | S73: 0.608 | T73: =R73-S73 -> 0.392 | U73: 0 | V73: =IF(T73<=0,0,(IF(P73="Rated",(T73+U73)*$V$1,(T73+U73)))) -> 0.196 | W73: =IF(P73="Rated",R73*$V$1,R73) -> 0.5 | X73: =S73 -> 0.608 | Y73: =S73 -> 0.608 | Z73: =T73*-1 -> -0.392 | AB73: Rated | AC73: 1.8 | AG73: No of Seats | AH73: No of seats | AI73: 0 | AJ73: 0 | AK73: =AI73-AJ73 -> 0 | AL73: =AI73 -> 0 | AM73: 0
A74: L3 | B74: DC-1 | C74: SITA INC INDIA PVT LTD | D74: Yes | E74: Rated | F74: Bundled | G74: U space | H74: Uncaged | I74: =IF(G74="Rack","No of Racks",(IF(G74="Space","Sq Ft","U Space"))) -> U Space | J74: 1 | K74: 1 | L74: =J74-K74 -> 0 | M74: =J74 -> 1 | N74: =J74-M74 -> 0 | O74: =295000/12/21 -> 1170.6349 | P74: =E74 -> Rated | Q74: KVA | R74: 0.25 | S74: 0.033 | T74: =R74-S74 -> 0.217 | U74: 0 | V74: =IF(T74<=0,0,(IF(P74="Rated",(T74+U74)*$V$1,(T74+U74)))) -> 0.1085 | W74: =IF(P74="Rated",R74*$V$1,R74) -> 0.125 | X74: =S74 -> 0.033 | Y74: =S74 -> 0.033 | Z74: =T74*-1 -> -0.217 | AB74: Rated | AC74: 1.8 | AG74: No of Seats | AH74: No of seats | AI74: 0 | AJ74: 0 | AK74: =AI74-AJ74 -> 0 | AL74: =AI74 -> 0 | AM74: 0
A75: L3 | B75: DC-1 | C75: ACCUPAYD TECH PRIVATE LIMITED | D75: Yes | E75: Rated | F75: Bundled | G75: U space | H75: Uncaged | I75: =IF(G75="Rack","No of Racks",(IF(G75="Space","Sq Ft","U Space"))) -> U Space | J75: 12 | K75: 8 | L75: =J75-K75 -> 4 | M75: =J75 -> 12 | N75: =J75-M75 -> 0 | P75: =E75 -> Rated | Q75: KVA | R75: 2.5 | S75: 1.3 | T75: =R75-S75 -> 1.2 | U75: 0 | V75: =IF(T75<=0,0,(IF(P75="Rated",(T75+U75)*$V$1,(T75+U75)))) -> 0.6 | W75: =IF(P75="Rated",R75*$V$1,R75) -> 1.25 | X75: =S75 -> 1.3 | Y75: =S75 -> 1.3 | Z75: =T75*-1 -> -1.2 | AA75: =90000/12 -> 7500 | AB75: Rated | AC75: 1.8 | AG75: No of Seats | AH75: No of seats | AI75: 0 | AJ75: 0 | AK75: =AI75-AJ75 -> 0 | AL75: =AI75 -> 0 | AM75: 0
A76: L3 | B76: DC-1 | C76: HITACHI ASTEMO GURUGRAM POWERTRAIN SYSTEMS PRIVATE LIMITED | D76: yes | E76: Rated | F76: Bundled | G76: U space | H76: Uncaged | I76: =IF(G76="Rack","No of Racks",(IF(G76="Space","Sq Ft","U Space"))) -> U Space | J76: 1 | K76: 1 | L76: =J76-K76 -> 0 | M76: =J76 -> 1 | N76: =J76-M76 -> 0 | P76: =E76 -> Rated | Q76: KVA | R76: 0.25 | S76: 0.022 | T76: =R76-S76 -> 0.228 | U76: 0 | V76: =IF(T76<=0,0,(IF(P76="Rated",(T76+U76)*$V$1,(T76+U76)))) -> 0.114 | W76: =IF(P76="Rated",R76*$V$1,R76) -> 0.125 | X76: =S76 -> 0.022 | Y76: =S76 -> 0.022 | Z76: =T76*-1 -> -0.228 | AA76: =90000/12 -> 7500 | AB76: Rated | AC76: 1.8 | AG76: No of Seats | AH76: no of seats | AI76: 0 | AJ76: 0 | AK76: =AI76-AJ76 -> 0 | AL76: =AI76 -> 0 | AM76: 0
A77: L3 | B77: DC-1 | C77: Cloud project 1 * 2 | D77: Yes | E77: Rated | F77: Bundled | G77: Rack | H77: Uncaged | I77: =IF(G77="Rack","No of Racks",(IF(G77="Space","Sq Ft","U Space"))) -> No of Racks | J77: 46 | K77: 46 | L77: =J77-K77 -> 0 | M77: =J77 -> 46 | N77: =J77-M77 -> 0 | P77: =E77 -> Rated | Q77: KVA | R77: 200 | S77: 153.032 | T77: =R77-S77 -> 46.968 | U77: 0 | V77: =IF(T77<=0,0,(IF(P77="Rated",(T77+U77)*$V$1,(T77+U77)))) -> 23.484 | W77: =IF(P77="Rated",R77*$V$1,R77) -> 100 | X77: =S77 -> 153.032 | Y77: =S77 -> 153.032 | Z77: =T77*-1 -> -46.968 | AB77: Rated | AC77: 1.8 | AG77: No of Seats | AH77: No of seats | AI77: 1 | AJ77: 1 | AK77: =AI77-AJ77 -> 0 | AL77: =AI77 -> 1 | AM77: 0
A78: L3 | B78: DC-1 | C78: Managed services project | D78: Yes | E78: Rated | F78: Bundled | G78: Rack | H78: Uncaged | I78: =IF(G78="Rack","No of Racks",(IF(G78="Space","Sq Ft","U Space"))) -> No of Racks | J78: 7 | K78: 7 | L78: =J78-K78 -> 0 | M78: =J78 -> 7 | N78: =J78-M78 -> 0 | O78: =490000/12 -> 40833.333 | P78: =E78 -> Rated | Q78: KVA | R78: 42 | S78: 40.87 | T78: =R78-S78 -> 1.13 | U78: 0 | V78: =IF(T78<=0,0,(IF(P78="Rated",(T78+U78)*$V$1,(T78+U78)))) -> 0.565 | W78: =IF(P78="Rated",R78*$V$1,R78) -> 21 | X78: =S78 -> 40.87 | Y78: =S78 -> 40.87 | Z78: =T78*-1 -> -1.13 | AB78: Rated | AC78: 1.8 | AG78: No of Seats | AH78: No of seats | AI78: 0 | AJ78: 0 | AK78: =AI78-AJ78 -> 0 | AL78: =AI78 -> 0 | AM78: 0
A79: L3 | B79: NOC | C79: NOC | D79: Yes | E79: Rated | F79: Bundled | G79: Rack | H79: Uncaged | I79: =IF(G79="Rack","No of Racks",(IF(G79="Space","Sq Ft","U Space"))) -> No of Racks | J79: 14 | K79: 14 | L79: =J79-K79 -> 0 | M79: =J79 -> 14 | N79: =J79-M79 -> 0 | O79: =490000/12 -> 40833.333 | P79: =E79 -> Rated | Q79: KVA | R79: 20 | S79: 39.9 | T79: =R79-S79 -> -19.9 | U79: 0 | V79: =IF(T79<=0,0,(IF(P79="Rated",(T79+U79)*$V$1,(T79+U79)))) -> 0 | W79: =IF(P79="Rated",R79*$V$1,R79) -> 10 | X79: =S79 -> 39.9 | Y79: =S79 -> 39.9 | Z79: =T79*-1 -> 19.9 | AB79: Rated | AC79: 1.8 | AG79: No of Seats | AH79: No of seats | AI79: 1 | AJ79: 1 | AK79: =AI79-AJ79 -> 0 | AL79: =AI79 -> 1 | AM79: 0
A80: L3 | B80: DC-2 | C80: ESAF SMALL FINANCE BANK LIMITED | D80: yes | E80: Subscribed | F80: Metered | G80: Rack | H80: Uncaged | I80: =IF(G80="Rack","No of Racks",(IF(G80="Space","Sq Ft","U Space"))) -> No of Racks | J80: 13 | K80: 13 | L80: =J80-K80 -> 0 | M80: =J80 -> 13 | N80: =J80-M80 -> 0 | P80: =E80 -> Subscribed | Q80: KVA | R80: 72.5 | S80: =AF80/672 -> 44.739479 | T80: =R80-S80 -> 27.760521 | U80: 0 | V80: =IF(T80<=0,0,(IF(P80="Rated",(T80+U80)*$V$1,(T80+U80)))) -> 27.760521 | W80: =IF(P80="Rated",R80*$V$1,R80) -> 72.5 | X80: =S80 -> 44.739479 | Y80: =S80 -> 44.739479 | Z80: =T80*-1 -> -27.760521 | AB80: Metered | AC80: 1.8 | AF80: 30064.93 | AG80: No of Seats | AH80: No of seats | AI80: 6 | AJ80: 6 | AK80: =AI80-AJ80 -> 0 | AL80: =AI80 -> 6 | AM80: 0 | AV80: 521007266 | AW80: 45728
A81: L3 | B81: DC-1 | C81: MANGALORE REFINERY AND PETROCHEMICALS LTD | D81: yes | E81: Rated | F81: Bundled | G81: Rack | H81: Uncaged | I81: =IF(G81="Rack","No of Racks",(IF(G81="Space","Sq Ft","U Space"))) -> No of Racks | J81: 2 | K81: 2 | L81: =J81-K81 -> 0 | M81: =J81 -> 2 | N81: =J81-M81 -> 0 | P81: =E81 -> Rated | Q81: KVA | R81: 12 | S81: 6.98 | T81: =R81-S81 -> 5.02 | U81: 0 | V81: =IF(T81<=0,0,(IF(P81="Rated",(T81+U81)*$V$1,(T81+U81)))) -> 2.51 | W81: =IF(P81="Rated",R81*$V$1,R81) -> 6 | X81: =S81 -> 6.98 | Y81: =S81 -> 6.98 | Z81: =T81*-1 -> -5.02 | AB81: Metered | AC81: 1.8 | AG81: No of Seats | AH81: No of seats | AI81: 0 | AJ81: 0 | AK81: =AI81-AJ81 -> 0 | AL81: =AI81 -> 0 | AM81: 0 | AV81: 521007213 | AW81: 45726
A82: L3 | B82: DC-1 | C82: SHIVTEL COMMUNICATIONS PRIVATE LIMITED | D82: yes | E82: Subscribed | F82: Metered | G82: Rack | H82: Uncaged | I82: =IF(G82="Rack","No of Racks",(IF(G82="Space","Sq Ft","U Space"))) -> No of Racks | J82: 1 | K82: 1 | L82: =J82-K82 -> 0 | M82: =J82 -> 1 | N82: =J82-M82 -> 0 | P82: =E82 -> Subscribed | Q82: KW | R82: 3 | S82: =AF82/672 -> 3.5171577 | T82: =R82-S82 -> -0.51715774 | U82: 0 | V82: =IF(T82<=0,0,(IF(P82="Rated",(T82+U82)*$V$1,(T82+U82)))) -> 0 | W82: =IF(P82="Rated",R82*$V$1,R82) -> 3 | X82: =S82 -> 3.5171577 | Y82: =S82 -> 3.5171577 | Z82: =T82*-1 -> 0.51715774 | AB82: Metered | AF82: 2363.53 | AG82: No of Seats | AH82: No of seats | AI82: 0 | AJ82: 0 | AK82: =AI82-AJ82 -> 0 | AL82: =AI82 -> 0 | AM82: 0
A83: L3 | B83: DC-1 | C83: TCI SUPPLY CHAIN SOLUTION A DIVISION OF TRANSPORT | D83: yes | E83: Rated | F83: Bundled | G83: Rack | H83: Uncaged | I83: =IF(G83="Rack","No of Racks",(IF(G83="Space","Sq Ft","U Space"))) -> No of Racks | J83: 1 | K83: 1 | L83: =J83-K83 -> 0 | M83: =J83 -> 1 | N83: =J83-M83 -> 0 | P83: =E83 -> Rated | Q83: KVA | R83: 4 | S83: 3.844 | T83: =R83-S83 -> 0.156 | U83: 0 | V83: =IF(T83<=0,0,(IF(P83="Rated",(T83+U83)*$V$1,(T83+U83)))) -> 0.078 | W83: =IF(P83="Rated",R83*$V$1,R83) -> 2 | X83: =S83 -> 3.844 | Y83: =S83 -> 3.844 | Z83: =T83*-1 -> -0.156 | AB83: Rated | AG83: No of Seats | AH83: No of seats | AI83: 0 | AJ83: 0 | AK83: =AI83-AJ83 -> 0 | AL83: =AI83 -> 0 | AM83: 0
A84: L3 | B84: DC-1 | C84: MAXIMUS INFOWARE(INDIA) PVT LTD | D84: yes | E84: Rated | F84: Bundled | G84: Rack | H84: Uncaged | I84: =IF(G84="Rack","No of Racks",(IF(G84="Space","Sq Ft","U Space"))) -> No of Racks | J84: 1 | K84: 1 | L84: =J84-K84 -> 0 | M84: =J84 -> 1 | N84: =J84-M84 -> 0 | P84: =E84 -> Rated | Q84: KVA | R84: 6 | S84: 0 | T84: =R84-S84 -> 6 | U84: 0 | V84: 6 | W84: 0 | X84: =S84 -> 0 | Y84: =S84 -> 0 | Z84: =T84*-1 -> -6 | AB84: Rated | AG84: No of Seats | AH84: No of seats | AI84: 0 | AJ84: 0 | AK84: =AI84-AJ84 -> 0 | AL84: =AI84 -> 0 | AM84: 0
A85: L3 | B85: DC-1 | C85: ISHAN NETSOL PVT LTD | D85: yes | E85: Rated | F85: Bundled | G85: Rack | H85: Uncaged | I85: =IF(G85="Rack","No of Racks",(IF(G85="Space","Sq Ft","U Space"))) -> No of Racks | J85: 1 | K85: 1 | L85: =J85-K85 -> 0 | M85: =J85 -> 1 | N85: =J85-M85 -> 0 | P85: =E85 -> Rated | Q85: KVA | R85: 6 | S85: 0 | T85: =R85-S85 -> 6 | U85: 0 | V85: 6 | W85: 0 | X85: =S85 -> 0 | Y85: =S85 -> 0 | Z85: =T85*-1 -> -6 | AB85: Rated | AG85: No of Seats | AH85: No of seats | AI85: 0 | AJ85: 0 | AK85: =AI85-AJ85 -> 0 | AL85: =AI85 -> 0 | AM85: 0
A86: L3 | B86: DC-1 | C86: AAPTTEKNOUS SERVICES PRIVATE LIMITED | D86: yes | E86: Subscribed | F86: Metered | G86: Rack | H86: Uncaged | I86: =IF(G86="Rack","No of Racks",(IF(G86="Space","Sq Ft","U Space"))) -> No of Racks | J86: 5 | K86: 5 | L86: =J86-K86 -> 0 | M86: =J86 -> 5 | N86: =J86-M86 -> 0 | P86: =E86 -> Subscribed | Q86: KW | R86: 15 | S86: =AF86/672 -> 1.9681845 | T86: =R86-S86 -> 13.031815 | U86: 0 | V86: =IF(T86<=0,0,(IF(P86="Rated",(T86+U86)*$V$1,(T86+U86)))) -> 13.031815 | W86: =IF(P86="Rated",R86*$V$1,R86) -> 15 | X86: =S86 -> 1.9681845 | Y86: =S86 -> 1.9681845 | Z86: =T86*-1 -> -13.031815 | AB86: Metered | AF86: 1322.62 | AG86: No of Seats | AH86: No of seats | AI86: 0 | AJ86: 0 | AK86: =AI86-AJ86 -> 0 | AL86: =AI86 -> 0 | AM86: 0
A87: L3 | B87: DC-1 | C87: ALTIMAT DATA CENTER INDIA PRIVATE LIMITED | D87: yes | E87: Subscribed | F87: Metered | G87: Rack | H87: Uncaged | I87: =IF(G87="Rack","No of Racks",(IF(G87="Space","Sq Ft","U Space"))) -> No of Racks | J87: 2 | K87: 2 | L87: =J87-K87 -> 0 | M87: =J87 -> 2 | N87: =J87-M87 -> 0 | P87: =E87 -> Subscribed | Q87: KW | R87: 7 | S87: =AF87/672 -> 0 | T87: =R87-S87 -> 7 | U87: 0 | V87: =IF(T87<=0,0,(IF(P87="Rated",(T87+U87)*$V$1,(T87+U87)))) -> 7 | W87: =IF(P87="Rated",R87*$V$1,R87) -> 7 | X87: =S87 -> 0 | Y87: =S87 -> 0 | Z87: =T87*-1 -> -7 | AB87: Metered | AF87: 0 | AG87: No of Seats | AH87: No of seats | AI87: 0 | AJ87: 0 | AK87: =AI87-AJ87 -> 0 | AL87: =AI87 -> 0 | AM87: 0
A88: L3 | B88: DC-1 | C88: INFRASOFT TECHNOLOGIES LIMITIED | D88: yes | E88: Rated | F88: Bundled | G88: Rack | H88: Uncaged | I88: =IF(G88="Rack","No of Racks",(IF(G88="Space","Sq Ft","U Space"))) -> No of Racks | J88: 2 | K88: 2 | L88: =J88-K88 -> 0 | M88: =J88 -> 2 | N88: =J88-M88 -> 0 | P88: =E88 -> Rated | Q88: KVA | R88: 12 | S88: 0 | T88: =R88-S88 -> 12 | U88: 0 | V88: 12 | W88: 0 | X88: =S88 -> 0 | Y88: =S88 -> 0 | Z88: =T88*-1 -> -12 | AB88: Rated | AC88: 1.8 | AG88: No of Seats | AH88: No of seats | AI88: 0 | AJ88: 0 | AK88: =AI88-AJ88 -> 0 | AL88: =AI88 -> 0 | AM88: 0
A89: L3 | B89: DC-1 | C89: KARNATAKA FASTNET PRIVATE LIMITED | D89: yes | E89: Rated | F89: Bundled | G89: U space | H89: Uncaged | I89: =IF(G89="Rack","No of Racks",(IF(G89="Space","Sq Ft","U Space"))) -> U Space | J89: 1 | K89: 1 | L89: =J89-K89 -> 0 | M89: =J89 -> 1 | N89: =J89-M89 -> 0 | P89: =E89 -> Rated | Q89: KVA | R89: 0.25 | S89: 0.2 | T89: =R89-S89 -> 0.05 | U89: 0 | V89: =IF(T89<=0,0,(IF(P89="Rated",(T89+U89)*$V$1,(T89+U89)))) -> 0.025 | W89: =IF(P89="Rated",R89*$V$1,R89) -> 0.125 | X89: =S89 -> 0.2 | Y89: =S89 -> 0.2 | Z89: =T89*-1 -> -0.05 | AB89: Rated | AC89: 1.8 | AG89: No of Seats | AH89: No of seats | AI89: 0 | AJ89: 0 | AK89: =AI89-AJ89 -> 0 | AL89: =AI89 -> 0 | AM89: 0 | AV89: 521008118
A90: L3 | B90: DC-1 | C90: CARE RATINGS LIMITED | D90: yes | E90: Rated | F90: Bundled | G90: U space | H90: Uncaged | I90: =IF(G90="Rack","No of Racks",(IF(G90="Space","Sq Ft","U Space"))) -> U Space | J90: 21 | K90: 21 | L90: =J90-K90 -> 0 | M90: =J90 -> 21 | N90: =J90-M90 -> 0 | P90: =E90 -> Rated | Q90: KVA | R90: 3 | S90: 2.41 | T90: =R90-S90 -> 0.59 | U90: 0 | V90: =IF(T90<=0,0,(IF(P90="Rated",(T90+U90)*$V$1,(T90+U90)))) -> 0.295 | W90: =IF(P90="Rated",R90*$V$1,R90) -> 1.5 | X90: =S90 -> 2.41 | Y90: =S90 -> 2.41 | Z90: =T90*-1 -> -0.59 | AA90: =90000/12 -> 7500 | AB90: Rated | AC90: 1.8 | AG90: No of Seats | AH90: no of seats | AI90: 0 | AJ90: 0 | AK90: =AI90-AJ90 -> 0 | AL90: =AI90 -> 0 | AM90: 0
A91: L3 | B91: DC-2 | C91: BRITANNIA | D91: yes | E91: Subscribed | F91: Metered | G91: Rack | H91: Caged | I91: =IF(G91="Rack","No of Racks",(IF(G91="Space","Sq Ft","U Space"))) -> No of Racks | J91: 11 | K91: 11 | L91: =J91-K91 -> 0 | M91: =J91 -> 11 | N91: =J91-M91 -> 0 | P91: Rated | Q91: KVA | R91: 60 | S91: 87.52 | T91: =R91-S91 -> -27.52 | U91: 0 | V91: =IF(T91<=0,0,(IF(P91="Rated",(T91+U91)*$V$1,(T91+U91)))) -> 0 | W91: =IF(P91="Rated",R91*$V$1,R91) -> 30 | X91: =S91 -> 87.52 | Y91: =S91 -> 87.52 | Z91: =T91*-1 -> 27.52 | AB91: Rated | AC91: 1.8 | AG91: No of Seats | AH91: no of seats | AI91: 0 | AJ91: 0 | AK91: =AI91-AJ91 -> 0 | AL91: =AI91 -> 0
A92: L3 | B92: DC-1 | C92: VERSA NETWORKS INC | D92: yes | E92: Subscribed | F92: Metered | G92: Rack | H92: Caged | I92: =IF(G92="Rack","No of Racks",(IF(G92="Space","Sq Ft","U Space"))) -> No of Racks | J92: 2 | K92: 2 | L92: =J92-K92 -> 0 | M92: =J92 -> 2 | N92: =J92-M92 -> 0 | P92: Rated | Q92: KVA | R92: 10 | S92: 67.31 | T92: =R92-S92 -> -57.31 | U92: 0 | V92: =IF(T92<=0,0,(IF(P92="Rated",(T92+U92)*$V$1,(T92+U92)))) -> 0 | W92: =IF(P92="Rated",R92*$V$1,R92) -> 5 | X92: =S92 -> 67.31 | Y92: =S92 -> 67.31 | Z92: =T92*-1 -> 57.31 | AB92: Rated | AC92: 1.8 | AG92: No of Seats | AH92: no of seats | AI92: 0 | AJ92: 0 | AK92: =AI92-AJ92 -> 0 | AL92: =AI92 -> 0
A93: L3 | B93: DC-3 | C93: THE AHMEDNAGAR DISTRICT CENTRAL CO OP BANK LTD | I93: =IF(G93="Rack","No of Racks",(IF(G93="Space","Sq Ft","U Space"))) -> U Space | J93: 21 | K93: 21 | L93: =J93-K93 -> 0 | M93: =J93 -> 21 | N93: =J93-M93 -> 0 | P93: Rated | Q93: KVA | R93: 1.5 | S93: 0 | T93: =R93-S93 -> 1.5 | U93: 0 | V93: =IF(T93<=0,0,(IF(P93="Rated",(T93+U93)*$V$1,(T93+U93)))) -> 0.75 | W93: =IF(P93="Rated",R93*$V$1,R93) -> 0.75 | X93: =S93 -> 0 | Y93: =S93 -> 0 | Z93: =T93*-1 -> -1.5 | AB93: Rated | AC93: 1.8 | AG93: No of Seats | AH93: no of seats | AI93: 0 | AJ93: 0 | AK93: =AI93-AJ93 -> 0 | AL93: =AI93 -> 0

Sheet Disconnection details
T1: Divisification | V1: 0.5 | W1: Rated to Consumed | Z1: =#REF! -> #REF! | AB1: Actual PUE | AC1: =#REF! -> #REF! | AD1: Actual Unit Rate: | AE1: =#REF! -> #REF! | AF1: =+AC1*(AE1*(30.5*24-AH1)+AH1*20) -> #REF! | AG1: Genset Hr/Mo | AH1: 5
E2: Billing Model | G2: Space | P2: Power Capacity | AB2: Power Usage | AG2: Seating Space | AO2: Revenue (Monthly ) | AV2: Contract Information
A3: Floor | B3: Floor / Module | C3: Customer Name | D3: RHS/SH | E3: Power Subscription Model (Rated/Subscribed) | F3: Power Usage Model (Bundled / Metered) | G3: Subscription Mode | H3: Caged /Uncaged | I3: UoM | J3: Subscription | K3: In Use | L3: Yet to be given/ | M3: Billed | N3: Reserved Capacity if any (Non-Billable) | O3: Per Unit rate (MRC) | P3: Subscription Model | Q3: UoM | R3: Total Capacity Purchased | S3: Capacity in Use | T3: Capacity to be given | U3: Reserved Capacity if any | V3: Subscribed Capacity to be given in KW | W3: "Allocated" Capacity in KW | X3: DC NW Infra | Y3: Usage in KW | Z3: Billable Additional Capacity | AA3: Additional Capacity Charges (MRC) | AB3: Usage Model | AC3: Multiplier | AD3: Unit rate Model (Fixed/Variable) | AE3: Unit Rate (per KW-HR) | AF3: No Of Units (KW-HR/ Month | AG3: Subscription Model | AH3: UoM | AI3: Subscription | AJ3: In Use | AK3: Yet to be given | AL3: Billed | AM3: Reserved Capacity if any | AN3: Per Unit rate | AO3: Space revenue including capacity | AP3: Additional Capacity Revenue | AQ3: Power Usage revenue | AR3: Seating Space | AS3: Any Other Items | AT3: Total Revenue | AU3: Billing Frequency | AV3: Sales Order ref No | AW3: Contract Start Date | AX3: Term of Contract (No of Years) | AY3: Current Expiry Date | AZ3: Remarks if any | BA3: Cross connect
A4: L3 | B4: DC-2 | C4: BESCOM | D4: yes | E4: Rated | F4: Bundled | G4: Rack | H4: Caged | I4: =IF(G4="Rack","No of Racks",(IF(G4="Space","Sq Ft","U Space"))) -> No of Racks | J4: 33 | K4: 33 | L4: =J4-K4 -> 0 | M4: =J4 -> 33 | N4: 0
A5: L3 | B5: DC-2 | C5: Timesofmoney(Unimoni Enterprise Solutions Pvt. Ltd) | D5: yes | E5: Rated | F5: Bundled | G5: Rack | H5: Uncaged | I5: =IF(G5="Rack","No of Racks",(IF(G5="Space","Sq Ft","U Space"))) -> No of Racks | J5: 2 | K5: 2 | L5: =J5-K5 -> 0 | M5: =J5 -> 2 | N5: 0
A6: L3 | B6: DC-1 | C6: TechM WAAS(ING) | D6: yes | E6: Rated | F6: Bundled | G6: Rack | H6: Uncaged | I6: =IF(G6="Rack","No of Racks",(IF(G6="Space","Sq Ft","U Space"))) -> No of Racks | J6: 1 | K6: 1 | L6: =J6-K6 -> 0 | M6: =J6 -> 1 | N6: 0
A7: L3 | B7: DC-3 | C7: Shapoorji Pallonji | D7: yes | E7: Rated | F7: Bundled | G7: Rack | H7: Uncaged | I7: =IF(G7="Rack","No of Racks",(IF(G7="Space","Sq Ft","U Space"))) -> No of Racks | J7: 3 | K7: 3 | L7: =J7-K7 -> 0 | M7: =J7 -> 3 | N7: 0
A8: L3 | B8: DC-1 | C8: FedBank | D8: yes | E8: Rated | F8: Bundled | G8: Rack | H8: Uncaged | I8: =IF(G8="Rack","No of Racks",(IF(G8="Space","Sq Ft","U Space"))) -> No of Racks | J8: 1 | K8: 1 | L8: =J8-K8 -> 0 | M8: =J8 -> 1 | N8: 0
A9: L3 | B9: DC-2 | C9: Sungard | D9: yes | E9: Subscribed | F9: Metered | G9: Rack | H9: Uncaged | I9: =IF(G9="Rack","No of Racks",(IF(G9="Space","Sq Ft","U Space"))) -> No of Racks | J9: 2 | K9: 2 | L9: =J9-K9 -> 0 | M9: =J9 -> 2 | N9: 0
A10: L3 | B10: DC-1 | C10: Star union daichi | D10: yes | E10: Subscribed | F10: Metered | G10: Rack | H10: Caged | I10: =IF(G10="Rack","No of Racks",(IF(G10="Space","Sq Ft","U Space"))) -> No of Racks | J10: 5 | K10: 5 | L10: =J10-K10 -> 0 | M10: =J10 -> 5 | N10: 0
A11: L3 | B11: DC-3 | C11: India Post payment bank Ltd | D11: No | E11: Subscribed | F11: Metered | G11: Rack | H11: Caged | I11: =IF(G11="Rack","No of Racks",(IF(G11="Space","Sq Ft","U Space"))) -> No of Racks | J11: 19 | K11: 19 | L11: =J11-K11 -> 0 | M11: =J11 -> 19 | N11: =J11-M11 -> 0 | O11: =6303333/12/19 -> 27646.197 | P11: =E11 -> Subscribed | Q11: KVA | R11: 58 | S11: 27.35 | T11: =R11-S11 -> 30.65 | U11: 0 | V11: =IF(T11<=0,0,(IF(P11="Rated",(T11+U11)*$V$1,(T11+U11)))) -> 30.65 | W11: =IF(P11="Rated",R11*$V$1,R11) -> 58 | X11: =S11 -> 27.35 | Y11: =S11 -> 27.35 | Z11: =T11*-1 -> -30.65 | AB11: Metered | AC11: 1 | AD11: Fixed | AE11: 15 | AF11: 37695.3 | AG11: No of Seats | AH11: No of seats | AI11: 6 | AJ11: 6 | AK11: 0 | AL11: =AI11 -> 6 | AM11: 0 | AN11: =(100000/12) -> 8333.3333 | AO11: =O11*M11 -> 525277.75 | AQ11: =AF11*AE11*AC11 -> 565429.5 | AR11: =AN11*AL11 -> 50000 | AT11: =SUBTOTAL(9,AO11:AS11) -> 1140707.2 | BB11: Disconnected on 15 March 2025
A12: L3 | B12: DC-1 | C12: BAJAJ FINANCIAL SECURITIES LTD | D12: Yes | E12: Rated | F12: Bundled | G12: U space | H12: Uncaged | I12: =IF(G12="Rack","No of Racks",(IF(G12="Space","Sq Ft","U Space"))) -> U Space | J12: 2 | K12: 5 | L12: =J12-K12 -> -3 | M12: 4 | N12: =J12-M12 -> -2 | O12: =(39750+39750/4)/12 -> 4140.625 | P12: Rated | Q12: KVA | R12: 0.5 | S12: 0.186 | T12: =R12-S12 -> 0.314 | U12: 0 | V12: =IF(T12<=0,0,(IF(P12="Rated",(T12+U12)*'[1]Customer details'!$V$1,(T12+U12)))) -> 0 | W12: =IF(P12="Rated",R12*'[1]Customer details'!$V$1,R12) -> 0 | X12: =S12 -> 0.186 | Y12: =S12 -> 0.186 | Z12: =T12*-1 -> -0.314 | AB12: Rated | AC12: 1.8 | AG12: No of Seats | AH12: No of seats | AI12: 0 | AJ12: 0 | AK12: 0 | AL12: =AI12 -> 0 | AM12: 0
A13: L3 | B13: DC-1 | C13: UCO BANK 2 - Temp | D13: Yes | E13: Rated | F13: Bundled | G13: Rack | H13: Uncaged | I13: =IF(G13="Rack","No of Racks",(IF(G13="Space","Sq Ft","U Space"))) -> No of Racks | J13: 4 | K13: 4 | L13: =J13-K13 -> 0 | M13: 4 | N13: =J13-M13 -> 0 | P13: Rated | Q13: KVA | R13: 29 | S13: 28.96 | T13: =R13-S13 -> 0.04 | U13: 0 | V13: =IF(T13<=0,0,(IF(P13="Rated",(T13+U13)*'[1]Customer details'!$V$1,(T13+U13)))) -> 0 | W13: =IF(P13="Rated",R13*'[1]Customer details'!$V$1,R13) -> 0 | X13: =S13 -> 28.96 | Y13: =S13 -> 28.96 | Z13: =T13*-1 -> -0.04 | AB13: Rated | AC13: 1.8 | AG13: No of Seats | AH13: No of seats | AI13: 1 | AJ13: 1 | AK13: 0 | AL13: =AI13 -> 1 | AM13: 0
A14: L3 | B14: DC-1 | C14: kfintek | D14: yes | E14: Subscribed | F14: Metered | G14: Rack | H14: Uncaged | I14: =IF(G14="Rack","No of Racks",(IF(G14="Space","Sq Ft","U Space"))) -> No of Racks | J14: 10 | K14: 10 | L14: =J14-K14 -> 0 | M14: =J14 -> 10 | N14: =J14-M14 -> 0 | P14: =E14 -> Subscribed | Q14: KW | R14: 30 | S14: 17.35 | T14: =R14-S14 -> 12.65 | U14: 0 | V14: =IF(T14<=0,0,(IF(P14="Rated",(T14+U14)*$V$1,(T14+U14)))) -> 12.65 | W14: =IF(P14="Rated",R14*$V$1,R14) -> 30 | X14: =S14 -> 17.35 | Y14: =S14 -> 17.35 | Z14: =T14*-1 -> -12.65 | AB14: Metered | AC14: 1.8 | AF14: 0 | AG14: No of Seats | AH14: No of seats | AI14: 0 | AJ14: 0 | AK14: =AI14-AJ14 -> 0 | AL14: =AI14 -> 0 | AM14: 0 | AO14: =O14*M14 -> 0 | AQ14: =AF14*AE14*AC14 -> 0 | AR14: =AN14*AL14 -> 0 | AT14: =SUBTOTAL(9,AO14:AS14) -> 0
A15: L3 | B15: DC-1 | C15: TECHNO TRUST SOLUTIONS | D15: Yes | E15: Rated | F15: Bundled | G15: Rack | H15: Uncaged | I15: =IF(G15="Rack","No of Racks",(IF(G15="Space","Sq Ft","U Space"))) -> No of Racks | J15: 1 | K15: 1 | L15: =J15-K15 -> 0 | M15: =J15 -> 1 | N15: =J15-M15 -> 0 | O15: =30000/12 -> 2500 | P15: =E15 -> Rated | Q15: KVA | R15: 4 | S15: 6.2 | T15: =R15-S15 -> -2.2 | U15: 0 | V15: =IF(T15<=0,0,(IF(P15="Rated",(T15+U15)*'[2]Customer details'!$V$1,(T15+U15)))) -> 0 | W15: =IF(P15="Rated",R15*'[2]Customer details'!$V$1,R15) -> 2 | X15: =S15 -> 6.2 | Y15: =S15 -> 6.2 | Z15: =T15*-1 -> 2.2 | AA15: =90000/12 -> 7500 | AB15: Rated | AC15: 1.8 | AG15: No of Seats | AH15: No of seats | AI15: 1 | AJ15: 1 | AK15: =AI15-AJ15 -> 0 | AL15: =AI15 -> 1 | AM15: 0 | AO15: =O15*M15 -> 2500 | AQ15: =AF15*AE15*AC15 -> 0 | AR15: =AN15*AL15 -> 0 | AT15: =SUBTOTAL(9,AO15:AS15) -> 2500
A16: L3 | B16: DC-1 | C16: ASB International | D16: Yes | E16: Rated | F16: Bundled | G16: U space | H16: Uncaged | I16: =IF(G16="Rack","No of Racks",(IF(G16="Space","Sq Ft","U Space"))) -> U Space | J16: 4 | K16: 4 | L16: =J16-K16 -> 0 | M16: =J16 -> 4 | N16: =J16-M16 -> 0 | O16: =360000/21/12 -> 1428.5714 | P16: =E16 -> Rated | Q16: KVA | R16: 1 | S16: 0.847 | T16: =R16-S16 -> 0.153 | U16: 0 | V16: =IF(T16<=0,0,(IF(P16="Rated",(T16+U16)*'Customer details'!$V$1,(T16+U16)))) -> 0.0765 | W16: =IF(P16="Rated",R16*'Customer details'!$V$1,R16) -> 0.5 | X16: =S16 -> 0.847 | Y16: =S16 -> 0.847 | Z16: =T16*-1 -> -0.153 | AA16: =90000/12 -> 7500 | AB16: Rated | AC16: 1.8 | AG16: No of Seats | AH16: No of seats | AI16: 0 | AJ16: 0 | AK16: =AI16-AJ16 -> 0 | AL16: =AI16 -> 0 | AM16: 0 | AO16: =O16*M16 -> 5714.2857 | AQ16: =AF16*AE16*AC16 -> 0 | AR16: =AN16*AL16 -> 0 | AT16: =SUBTOTAL(9,AO16:AS16) -> 5714.2857
A17: L3 | B17: DC-1 | C17: Que Processing Service Ltd | D17: Yes | E17: Rated | F17: Bundled | G17: Rack | H17: Uncaged | I17: =IF(G17="Rack","No of Racks",(IF(G17="Space","Sq Ft","U Space"))) -> No of Racks | J17: 1 | K17: 1 | L17: =J17-K17 -> 0 | M17: =J17 -> 1 | N17: =J17-M17 -> 0 | P17: =E17 -> Rated | Q17: KVA | R17: 2.77 | S17: 0.06 | T17: =R17-S17 -> 2.71 | U17: 0 | V17: =IF(T17<=0,0,(IF(P17="Rated",(T17+U17)*'Customer details'!$V$1,(T17+U17)))) -> 1.355 | W17: =IF(P17="Rated",R17*'Customer details'!$V$1,R17) -> 1.385 | X17: =S17 -> 0.06 | Y17: =S17 -> 0.06 | Z17: =T17*-1 -> -2.71 | AB17: Rated | AC17: 1.8 | AG17: No of Seats | AH17: No of seats | AI17: 0 | AJ17: 0 | AK17: =AI17-AJ17 -> 0 | AL17: =AI17 -> 0 | AM17: 0
A18: L3 | B18: DC-1 | C18: SH Kelkar | D18: Yes | E18: Rated | F18: Bundled | G18: Rack | H18: Uncaged | I18: =IF(G18="Rack","No of Racks",(IF(G18="Space","Sq Ft","U Space"))) -> No of Racks | J18: 1 | K18: 1 | L18: =J18-K18 -> 0 | M18: =J18 -> 1 | N18: =J18-M18 -> 0 | O18: =634575/17/12 -> 3110.6618 | P18: =E18 -> Rated | Q18: KVA | R18: 3 | S18: 2.25 | T18: =R18-S18 -> 0.75 | U18: 0 | V18: =IF(T18<=0,0,(IF(P18="Rated",(T18+U18)*'Customer details'!$V$1,(T18+U18)))) -> 0.375 | W18: =IF(P18="Rated",R18*'Customer details'!$V$1,R18) -> 1.5 | X18: =S18 -> 2.25 | Y18: =S18 -> 2.25 | Z18: =T18*-1 -> -0.75 | AA18: =95000/12 -> 7916.6667 | AB18: Rated | AC18: 1.8 | AG18: No of Seats | AH18: No of seats | AI18: 0 | AJ18: 0 | AK18: =AI18-AJ18 -> 0 | AL18: =AI18 -> 0 | AM18: 0 | AO18: =O18*M18 -> 3110.6618 | AQ18: =AF18*AE18*AC18 -> 0 | AR18: =AN18*AL18 -> 0 | AT18: =SUBTOTAL(9,AO18:AS18) -> 3110.6618
A19: L3 | B19: DC-1 | C19: AKSHAYAPATRA FOUNDATION | D19: Yes | E19: Rated | F19: Bundled | G19: Rack | H19: Uncaged | I19: =IF(G19="Rack","No of Racks",(IF(G19="Space","Sq Ft","U Space"))) -> No of Racks | J19: 1 | K19: 1 | L19: =J19-K19 -> 0 | M19: =J19 -> 1 | N19: =J19-M19 -> 0 | P19: =E19 -> Rated | Q19: KVA | R19: 3 | S19: 4.06 | T19: =R19-S19 -> -1.06 | U19: 0 | V19: =IF(T19<=0,0,(IF(P19="Rated",(T19+U19)*'Customer details'!$V$1,(T19+U19)))) -> 0 | W19: =IF(P19="Rated",R19*'Customer details'!$V$1,R19) -> 1.5 | X19: =S19 -> 4.06 | Y19: =S19 -> 4.06 | Z19: =T19*-1 -> 1.06 | AB19: Rated | AC19: 1.8 | AG19: No of Seats | AH19: No of seats | AI19: 0 | AJ19: 0 | AK19: =AI19-AJ19 -> 0 | AL19: =AI19 -> 0 | AM19: 0
A20: L3 | B20: DC-1 | C20: DEEPIJA TELECOM PRIVATE LIMITED | D20: yes | E20: Rated | F20: Bundled | G20: Rack | H20: Uncaged | I20: =IF(G20="Rack","No of Racks",(IF(G20="Space","Sq Ft","U Space"))) -> No of Racks | J20: 1 | K20: 1 | L20: =J20-K20 -> 0 | M20: =J20 -> 1 | N20: =J20-M20 -> 0 | P20: =E20 -> Rated | Q20: KVA | R20: 3 | S20: 2.99 | T20: =R20-S20 -> 0.01 | U20: 0 | V20: =IF(T20<=0,0,(IF(P20="Rated",(T20+U20)*'Customer details'!$V$1,(T20+U20)))) -> 0.005 | W20: =IF(P20="Rated",R20*'Customer details'!$V$1,R20) -> 1.5 | X20: =S20 -> 2.99 | Y20: =S20 -> 2.99 | Z20: =T20*-1 -> -0.01 | AA20: =98000/12 -> 8166.6667 | AB20: Rated | AC20: 1.8 | AG20: No of Seats | AH20: no of seats | AI20: 0 | AJ20: 0 | AK20: =AI20-AJ20 -> 0 | AL20: =AI20 -> 0 | AM20: 0
A21: L3 | B21: DC-1 | C21: CITO INFOTECH PRIVATE LIMITED | D21: yes | E21: Rated | F21: Bundled | G21: U space | H21: Uncaged | I21: =IF(G21="Rack","No of Racks",(IF(G21="Space","Sq Ft","U Space"))) -> U Space | J21: 3 | K21: 3 | L21: =J21-K21 -> 0 | M21: =J21 -> 3 | N21: =J21-M21 -> 0 | P21: =E21 -> Rated | Q21: KVA | R21: 0.6 | S21: 0.893 | T21: =R21-S21 -> -0.293 | U21: 0 | V21: =IF(T21<=0,0,(IF(P21="Rated",(T21+U21)*'Customer details'!$V$1,(T21+U21)))) -> 0 | W21: =IF(P21="Rated",R21*'Customer details'!$V$1,R21) -> 0.3 | X21: =S21 -> 0.893 | Y21: =S21 -> 0.893 | Z21: =T21*-1 -> 0.293 | AB21: Rated | AC21: 1.8 | AG21: No of Seats | AH21: No of seats | AI21: 0 | AJ21: 0 | AK21: =AI21-AJ21 -> 0 | AL21: =AI21 -> 0 | AM21: 0
